Location,Date,Average Temp (Â°C),Precipitation (mm),Rain
Beirut,2025-04-12,14.995833333333335,7.869999999999998,Yes
Paris,2025-04-12,14.345833333333331,4.42,Yes
Riyadh,2025-04-12,29.787500000000005,0.0,No
Cairo,2025-04-12,18.133333333333333,0.0,No
LA,2025-04-12,17.799999999999997,0.0,No
Istanbul,2025-04-12,7.141666666666666,4.709999999999999,Yes
Beirut,2025-04-13,14.966666666666669,2.43,Yes
Paris,2025-04-13,13.991666666666667,0.9400000000000002,Yes
Riyadh,2025-04-13,28.304166666666664,0.0,No
Cairo,2025-04-13,18.241666666666664,0.06,Yes
LA,2025-04-13,16.2625,0.0,No
Istanbul,2025-04-13,8.0875,0.0,No
Beirut,2025-04-14,13.870833333333335,15.759999999999998,Yes
Paris,2025-04-14,13.8,13.3,Yes
Riyadh,2025-04-14,29.63333333333334,0.0,No
Cairo,2025-04-14,18.641666666666666,0.0,No
LA,2025-04-14,19.45833333333333,0.0,No
Istanbul,2025-04-14,9.004166666666665,0.0,No
Beirut,2025-04-15,14.129166666666665,9.580000000000002,Yes
Paris,2025-04-15,11.4375,3.92,Yes
Riyadh,2025-04-15,28.304166666666664,0.0,No
Cairo,2025-04-15,18.975,0.0,No
LA,2025-04-15,17.916666666666668,0.0,No
Istanbul,2025-04-15,10.7875,0.0,No
Beirut,2025-04-16,16.23333333333333,0.0,No
Paris,2025-04-16,10.866666666666664,0.64,Yes
Riyadh,2025-04-16,28.679166666666664,0.0,No
Cairo,2025-04-16,20.245833333333334,0.0,No
LA,2025-04-16,17.999999999999996,0.0,No
Istanbul,2025-04-16,12.416666666666666,0.0,No
Beirut,2025-04-17,17.366666666666664,0.0,No
Paris,2025-04-17,11.70833333333333,0.04,Yes
Riyadh,2025-04-17,26.566666666666663,0.0,No
Cairo,2025-04-17,21.65,0.0,No
LA,2025-04-17,18.491666666666664,0.0,No
Istanbul,2025-04-17,12.341666666666669,0.0,No
Beirut,2025-04-18,20.30416666666667,0.0,No
Paris,2025-04-18,12.5875,0.0,No
Riyadh,2025-04-18,26.566666666666663,0.0,No
Cairo,2025-04-18,22.866666666666664,0.0,No
LA,2025-04-18,15.525000000000004,0.73,Yes
Istanbul,2025-04-18,12.525,0.0,No
Beirut,2025-04-19,20.90833333333333,0.0,No
Paris,2025-04-19,14.345833333333331,1.64,Yes
Riyadh,2025-04-19,27.1125,0.0,No
Cairo,2025-04-19,24.204166666666666,0.0,No
LA,2025-04-19,16.066666666666666,0.0,No
Istanbul,2025-04-19,13.816666666666665,0.61,Yes
Beirut,2025-04-20,19.9625,0.0,No
Paris,2025-04-20,13.225,4.369999999999999,Yes
Riyadh,2025-04-20,29.77916666666667,0.0,No
Cairo,2025-04-20,24.316666666666663,0.0,No
LA,2025-04-20,16.03333333333333,0.0,No
Istanbul,2025-04-20,15.233333333333333,0.0,No
Beirut,2025-04-21,18.68333333333333,0.0,No
Paris,2025-04-21,12.091666666666669,3.04,Yes
Riyadh,2025-04-21,32.145833333333336,0.01,Yes
Cairo,2025-04-21,23.54166666666667,0.0,No
LA,2025-04-21,14.954166666666667,0.04,Yes
Istanbul,2025-04-21,16.808333333333334,0.0,No
Beirut,2025-04-22,18.1625,0.02,Yes
Paris,2025-04-22,13.658333333333337,0.8499999999999999,Yes
Riyadh,2025-04-22,32.7625,0.0,No
Cairo,2025-04-22,22.575,0.0,No
LA,2025-04-22,14.920833333333334,0.0699999999999999,Yes
Istanbul,2025-04-22,17.925,0.0,No
Beirut,2025-04-23,19.391666666666666,0.0,No
Paris,2025-04-23,12.591666666666669,7.86,Yes
Riyadh,2025-04-23,32.291666666666664,0.0,No
Cairo,2025-04-23,23.899999999999995,0.0,No
LA,2025-04-23,15.995833333333332,0.0,No
Istanbul,2025-04-23,17.404166666666665,0.0,No
Beirut,2025-04-24,20.54583333333333,0.0,No
Paris,2025-04-24,12.670833333333333,13.06,Yes
Riyadh,2025-04-24,33.050000000000004,0.0,No
Cairo,2025-04-24,24.8,0.0,No
LA,2025-04-24,18.5125,0.0,No
Istanbul,2025-04-24,16.970833333333335,0.0,No
Beirut,2025-04-25,20.9,0.0,No
Paris,2025-04-25,12.85416666666667,4.909999999999998,Yes
Riyadh,2025-04-25,33.69166666666666,0.0,No
Cairo,2025-04-25,25.579166666666666,0.0,No
LA,2025-04-25,19.525,0.0,No
Istanbul,2025-04-25,18.316666666666663,0.0,No
Beirut,2025-04-26,21.495833333333334,0.0,No
Paris,2025-04-26,11.179166666666667,9.67,Yes
Riyadh,2025-04-26,34.583333333333336,0.0,No
Cairo,2025-04-26,26.35833333333333,0.0,No
LA,2025-04-26,18.405555555555555,0.0,No
Istanbul,2025-04-26,19.69583333333333,0.0,No
Beirut,2025-04-26,19.6,0.7,Yes
Paris,2025-04-26,11.1,1.8,Yes
Riyadh,2025-04-26,27.6,1.9,Yes
Cairo,2025-04-26,23.1,0.0,No
LA,2025-04-26,17.7,0.5,Yes
Istanbul,2025-04-26,14.2,0.9,Yes
Beirut,2025-04-27,19.6,0.5,Yes
Paris,2025-04-27,11.0,1.9,Yes
Riyadh,2025-04-27,27.8,0.7,Yes
Cairo,2025-04-27,24.1,0.0,No
LA,2025-04-27,18.1,0.0,No
Istanbul,2025-04-27,14.0,1.1,Yes
Beirut,2025-04-28,19.7,0.3,Yes
Paris,2025-04-28,11.3,2.6,Yes
Riyadh,2025-04-28,28.6,0.3,Yes
Cairo,2025-04-28,24.1,0.0,No
LA,2025-04-28,18.5,0.2,Yes
Istanbul,2025-04-28,14.4,1.1,Yes
Beirut,2025-04-29,20.3,1.3,Yes
Paris,2025-04-29,11.5,3.5,Yes
Riyadh,2025-04-29,29.5,2.5,Yes
Cairo,2025-04-29,25.0,0.0,No
LA,2025-04-29,18.9,0.0,No
Istanbul,2025-04-29,14.7,0.6,Yes
Beirut,2025-04-30,20.2,0.8,Yes
Paris,2025-04-30,11.2,4.9,Yes
Riyadh,2025-04-30,29.3,3.0,Yes
Cairo,2025-04-30,24.9,0.1,Yes
LA,2025-04-30,18.8,0.0,No
Istanbul,2025-04-30,14.8,0.1,Yes
Beirut,2025-05-01,20.5,0.4,Yes
Paris,2025-05-01,11.8,2.8,Yes
Riyadh,2025-05-01,29.7,1.0,Yes
Cairo,2025-05-01,25.3,0.0,No
LA,2025-05-01,18.6,0.1,Yes
Istanbul,2025-05-01,15.3,0.7,Yes
Beirut,2025-05-02,20.3,0.3,Yes
Paris,2025-05-02,11.6,1.9,Yes
Riyadh,2025-05-02,29.9,0.1,Yes
Cairo,2025-05-02,25.4,0.0,No
LA,2025-05-02,18.8,0.0,No
Istanbul,2025-05-02,15.6,1.1,Yes
Beirut,2025-05-03,21.0,0.2,Yes
Paris,2025-05-03,11.6,1.3,Yes
Riyadh,2025-05-03,30.0,0.6,Yes
Cairo,2025-05-03,26.3,0.0,No
LA,2025-05-03,19.3,0.0,No
Istanbul,2025-05-03,15.9,1.1,Yes
Beirut,2025-05-04,21.5,0.2,Yes
Paris,2025-05-04,12.1,2.2,Yes
Riyadh,2025-05-04,30.2,0.3,Yes
Cairo,2025-05-04,26.7,0.0,No
LA,2025-05-04,19.1,0.6,Yes
Istanbul,2025-05-04,15.3,4.5,Yes
Beirut,2025-05-05,21.0,1.8,Yes
Paris,2025-05-05,12.6,1.8,Yes
Riyadh,2025-05-05,30.6,0.1,Yes
Cairo,2025-05-05,25.8,0.0,No
LA,2025-05-05,18.6,0.2,Yes
Istanbul,2025-05-05,15.4,1.3,Yes
Beirut,2025-05-06,20.4,1.1,Yes
Paris,2025-05-06,13.3,2.3,Yes
Riyadh,2025-05-06,31.1,0.2,Yes
Cairo,2025-05-06,24.6,0.0,No
LA,2025-05-06,18.1,0.7,Yes
Istanbul,2025-05-06,15.5,1.5,Yes
Beirut,2025-05-07,20.0,1.0,Yes
Paris,2025-05-07,14.0,1.5,Yes
Riyadh,2025-05-07,31.5,0.2,Yes
Cairo,2025-05-07,24.3,0.0,No
LA,2025-05-07,17.8,0.5,Yes
Istanbul,2025-05-07,15.8,1.6,Yes
Beirut,2025-05-08,20.0,4.2,Yes
Paris,2025-05-08,14.5,1.8,Yes
Riyadh,2025-05-08,31.9,0.0,No
Cairo,2025-05-08,25.1,0.1,Yes
LA,2025-05-08,17.9,0.4,Yes
Istanbul,2025-05-08,15.7,2.4,Yes
Beirut,2025-05-09,20.9,0.5,Yes
Paris,2025-05-09,14.8,3.1,Yes
Riyadh,2025-05-09,31.9,0.3,Yes
Cairo,2025-05-09,26.0,0.0,No
LA,2025-05-09,17.5,0.0,No
Istanbul,2025-05-09,15.5,1.6,Yes
Beirut,2025-05-10,21.2,0.1,Yes
Paris,2025-05-10,14.7,4.8,Yes
Riyadh,2025-05-10,31.9,0.2,Yes
Cairo,2025-05-10,25.7,0.0,No
LA,2025-05-10,17.6,0.1,Yes
Istanbul,2025-05-10,15.5,1.8,Yes
Beirut,2025-05-11,20.6,0.4,Yes
Paris,2025-05-11,13.5,4.3,Yes
Riyadh,2025-05-11,32.5,0.1,Yes
Cairo,2025-05-11,25.1,0.0,No
LA,2025-05-11,18.0,0.1,Yes
Istanbul,2025-05-11,16.3,1.0,Yes
Beirut,2025-05-12,20.8,0.5,Yes
Paris,2025-05-12,12.7,2.2,Yes
Riyadh,2025-05-12,32.8,0.0,No
Cairo,2025-05-12,24.9,0.0,No
LA,2025-05-12,19.1,0.1,Yes
Istanbul,2025-05-12,17.3,0.1,Yes
Beirut,2025-05-13,21.1,1.1,Yes
Paris,2025-05-13,12.7,2.1,Yes
Riyadh,2025-05-13,32.7,0.2,Yes
Cairo,2025-05-13,25.7,0.0,No
LA,2025-05-13,19.8,0.0,No
Istanbul,2025-05-13,17.8,0.2,Yes
Beirut,2025-05-14,21.8,1.1,Yes
Paris,2025-05-14,12.3,2.0,Yes
Riyadh,2025-05-14,32.0,0.0,No
Cairo,2025-05-14,26.4,0.0,No
LA,2025-05-14,19.3,0.5,Yes
Istanbul,2025-05-14,18.2,0.3,Yes
Beirut,2025-05-15,22.6,0.2,Yes
Paris,2025-05-15,12.2,1.2,Yes
Riyadh,2025-05-15,31.7,0.0,No
Cairo,2025-05-15,26.9,0.0,No
LA,2025-05-15,18.6,0.4,Yes
Istanbul,2025-05-15,19.1,0.5,Yes
Beirut,2025-05-16,23.5,0.0,No
Paris,2025-05-16,13.0,1.2,Yes
Riyadh,2025-05-16,32.0,0.0,No
Cairo,2025-05-16,27.7,0.0,No
LA,2025-05-16,18.5,0.8,Yes
Istanbul,2025-05-16,19.4,0.2,Yes
Beirut,2025-05-17,24.0,0.0,No
Paris,2025-05-17,13.8,1.3,Yes
Riyadh,2025-05-17,32.3,0.0,No
Cairo,2025-05-17,27.1,0.0,No
LA,2025-05-17,18.0,0.2,Yes
Istanbul,2025-05-17,18.6,1.5,Yes
Beirut,2025-05-18,23.2,0.3,Yes
Paris,2025-05-18,14.3,1.7,Yes
Riyadh,2025-05-18,32.6,0.2,Yes
Cairo,2025-05-18,27.0,0.0,No
LA,2025-05-18,17.8,0.3,Yes
Istanbul,2025-05-18,18.0,1.9,Yes
Beirut,2025-05-19,22.9,0.1,Yes
Paris,2025-05-19,14.0,1.8,Yes
Riyadh,2025-05-19,32.8,0.1,Yes
Cairo,2025-05-19,26.9,0.0,No
LA,2025-05-19,18.3,0.7,Yes
Istanbul,2025-05-19,18.0,1.3,Yes
Beirut,2025-05-20,22.4,0.7,Yes
Paris,2025-05-20,14.5,2.9,Yes
Riyadh,2025-05-20,33.6,0.0,No
Cairo,2025-05-20,27.1,0.0,No
LA,2025-05-20,18.8,0.1,Yes
Istanbul,2025-05-20,18.2,1.8,Yes
Beirut,2025-05-21,22.6,0.2,Yes
Paris,2025-05-21,15.6,3.1,Yes
Riyadh,2025-05-21,34.0,0.0,No
Cairo,2025-05-21,27.5,0.0,No
LA,2025-05-21,18.4,0.1,Yes
Istanbul,2025-05-21,17.9,1.7,Yes
Beirut,2025-05-22,23.2,0.0,No
Paris,2025-05-22,15.7,2.7,Yes
Riyadh,2025-05-22,33.7,0.0,No
Cairo,2025-05-22,28.0,0.0,No
LA,2025-05-22,17.9,0.1,Yes
Istanbul,2025-05-22,18.1,0.8,Yes
Beirut,2025-05-23,22.3,1.3,Yes
Paris,2025-05-23,15.2,2.5,Yes
Riyadh,2025-05-23,33.7,0.0,No
Cairo,2025-05-23,27.2,0.0,No
LA,2025-05-23,17.5,0.1,Yes
Istanbul,2025-05-23,18.5,0.8,Yes
Beirut,2025-05-24,22.4,0.9,Yes
Paris,2025-05-24,15.2,1.6,Yes
Riyadh,2025-05-24,33.9,0.0,No
Cairo,2025-05-24,27.0,0.0,No
LA,2025-05-24,17.8,0.0,No
Istanbul,2025-05-24,18.7,1.0,Yes
Beirut,2025-05-25,22.6,0.0,No
Paris,2025-05-25,16.2,1.2,Yes
Riyadh,2025-05-25,33.3,0.0,No
Cairo,2025-05-25,27.3,0.1,Yes
LA,2025-05-25,17.8,0.2,Yes
Istanbul,2025-05-25,19.0,1.4,Yes
Beirut,2025-05-26,22.7,0.0,No
Paris,2025-05-26,15.8,1.9,Yes
Riyadh,2025-05-26,33.3,0.0,No
Cairo,2025-05-26,27.8,0.0,No
LA,2025-05-26,17.8,0.1,Yes
Istanbul,2025-05-26,19.3,0.6,Yes
Beirut,2025-05-27,23.9,0.1,Yes
Paris,2025-05-27,16.3,1.5,Yes
Riyadh,2025-05-27,34.0,0.0,No
Cairo,2025-05-27,28.5,0.0,No
LA,2025-05-27,18.7,0.0,No
Istanbul,2025-05-27,19.1,2.5,Yes
Beirut,2025-05-28,23.5,0.5,Yes
Paris,2025-05-28,16.1,2.0,Yes
Riyadh,2025-05-28,34.4,0.0,No
Cairo,2025-05-28,27.5,0.0,No
LA,2025-05-28,19.3,0.0,No
Istanbul,2025-05-28,19.3,0.9,Yes
Beirut,2025-05-29,22.9,0.4,Yes
Paris,2025-05-29,16.0,2.0,Yes
Riyadh,2025-05-29,34.6,0.0,No
Cairo,2025-05-29,27.2,0.0,No
LA,2025-05-29,19.2,0.0,No
Istanbul,2025-05-29,19.9,0.6,Yes
Beirut,2025-05-30,23.4,0.2,Yes
Paris,2025-05-30,16.0,4.5,Yes
Riyadh,2025-05-30,34.8,0.0,No
Cairo,2025-05-30,27.9,0.0,No
LA,2025-05-30,19.2,0.1,Yes
Istanbul,2025-05-30,20.2,0.5,Yes
Beirut,2025-05-31,23.5,0.1,Yes
Paris,2025-05-31,16.2,3.0,Yes
Riyadh,2025-05-31,34.6,0.0,No
Cairo,2025-05-31,28.7,0.0,No
LA,2025-05-31,19.2,0.0,No
Istanbul,2025-05-31,20.5,0.5,Yes
Beirut,2025-06-01,23.4,0.2,Yes
Paris,2025-06-01,16.9,1.1,Yes
Riyadh,2025-06-01,34.7,0.0,No
Cairo,2025-06-01,28.6,0.0,No
LA,2025-06-01,19.4,0.0,No
Istanbul,2025-06-01,20.4,2.0,Yes
Beirut,2025-06-02,23.8,0.2,Yes
Paris,2025-06-02,17.7,1.3,Yes
Riyadh,2025-06-02,34.8,0.0,No
Cairo,2025-06-02,28.8,0.0,No
LA,2025-06-02,20.0,0.0,No
Istanbul,2025-06-02,20.2,1.2,Yes
Beirut,2025-06-03,24.0,0.0,No
Paris,2025-06-03,17.2,1.4,Yes
Riyadh,2025-06-03,34.9,0.0,No
Cairo,2025-06-03,28.8,0.0,No
LA,2025-06-03,20.2,0.0,No
Istanbul,2025-06-03,20.6,0.8,Yes
Beirut,2025-06-04,24.1,0.1,Yes
Paris,2025-06-04,17.1,2.7,Yes
Riyadh,2025-06-04,34.5,0.0,No
Cairo,2025-06-04,28.6,0.0,No
LA,2025-06-04,19.9,0.0,No
Istanbul,2025-06-04,20.6,2.7,Yes
Beirut,2025-06-05,23.6,0.0,No
Paris,2025-06-05,16.9,3.3,Yes
Riyadh,2025-06-05,34.8,0.0,No
Cairo,2025-06-05,27.9,0.0,No
LA,2025-06-05,19.4,0.3,Yes
Istanbul,2025-06-05,21.2,1.4,Yes
Beirut,2025-06-06,23.6,0.0,No
Paris,2025-06-06,16.7,2.9,Yes
Riyadh,2025-06-06,35.4,0.0,No
Cairo,2025-06-06,28.6,0.0,No
LA,2025-06-06,19.1,0.2,Yes
Istanbul,2025-06-06,21.4,3.0,Yes
Beirut,2025-06-07,24.2,0.0,No
Paris,2025-06-07,17.1,2.7,Yes
Riyadh,2025-06-07,35.6,0.0,No
Cairo,2025-06-07,29.5,0.0,No
LA,2025-06-07,19.5,0.1,Yes
Istanbul,2025-06-07,21.4,2.4,Yes
Beirut,2025-06-08,25.0,0.0,No
Paris,2025-06-08,17.1,3.6,Yes
Riyadh,2025-06-08,35.5,0.0,No
Cairo,2025-06-08,29.6,0.0,No
LA,2025-06-08,20.2,0.0,No
Istanbul,2025-06-08,21.2,1.3,Yes
Beirut,2025-06-09,24.8,0.0,No
Paris,2025-06-09,16.7,3.0,Yes
Riyadh,2025-06-09,35.5,0.0,No
Cairo,2025-06-09,29.1,0.0,No
LA,2025-06-09,20.7,0.0,No
Istanbul,2025-06-09,21.4,0.5,Yes
Beirut,2025-06-10,24.3,0.0,No
Paris,2025-06-10,17.3,3.2,Yes
Riyadh,2025-06-10,35.9,0.0,No
Cairo,2025-06-10,29.3,0.0,No
LA,2025-06-10,20.3,0.0,No
Istanbul,2025-06-10,21.6,1.0,Yes
Beirut,2025-06-11,24.2,0.1,Yes
Paris,2025-06-11,18.0,3.7,Yes
Riyadh,2025-06-11,35.9,0.0,No
Cairo,2025-06-11,29.3,0.0,No
LA,2025-06-11,20.3,0.1,Yes
Istanbul,2025-06-11,22.0,1.1,Yes
Beirut,2025-06-12,23.9,0.2,Yes
Paris,2025-06-12,17.1,3.6,Yes
Riyadh,2025-06-12,35.4,0.0,No
Cairo,2025-06-12,28.8,0.0,No
LA,2025-06-12,20.0,0.0,No
Istanbul,2025-06-12,22.0,2.4,Yes
Beirut,2025-06-13,23.8,0.7,Yes
Paris,2025-06-13,17.0,0.9,Yes
Riyadh,2025-06-13,34.9,0.0,No
Cairo,2025-06-13,28.6,0.0,No
LA,2025-06-13,20.0,0.0,No
Istanbul,2025-06-13,22.5,0.4,Yes
Beirut,2025-06-14,24.0,0.2,Yes
Paris,2025-06-14,18.0,1.4,Yes
Riyadh,2025-06-14,34.9,0.0,No
Cairo,2025-06-14,28.6,0.0,No
LA,2025-06-14,20.8,0.0,No
Istanbul,2025-06-14,22.4,1.5,Yes
Beirut,2025-06-15,24.2,0.0,No
Paris,2025-06-15,17.9,2.8,Yes
Riyadh,2025-06-15,35.0,0.0,No
Cairo,2025-06-15,28.8,0.0,No
LA,2025-06-15,20.7,0.0,No
Istanbul,2025-06-15,22.6,1.9,Yes
Beirut,2025-06-16,24.7,0.0,No
Paris,2025-06-16,17.8,1.9,Yes
Riyadh,2025-06-16,35.6,0.0,No
Cairo,2025-06-16,29.5,0.0,No
LA,2025-06-16,20.5,0.0,No
Istanbul,2025-06-16,22.9,1.8,Yes
Beirut,2025-06-17,25.3,0.0,No
Paris,2025-06-17,18.7,1.9,Yes
Riyadh,2025-06-17,35.6,0.0,No
Cairo,2025-06-17,29.8,0.0,No
LA,2025-06-17,20.8,0.0,No
Istanbul,2025-06-17,23.3,0.4,Yes
Beirut,2025-06-18,25.3,0.2,Yes
Paris,2025-06-18,19.1,4.6,Yes
Riyadh,2025-06-18,35.6,0.0,No
Cairo,2025-06-18,29.6,0.0,No
LA,2025-06-18,21.1,0.0,No
Istanbul,2025-06-18,22.8,1.1,Yes
Beirut,2025-06-19,25.0,0.3,Yes
Paris,2025-06-19,18.2,3.1,Yes
Riyadh,2025-06-19,35.5,0.0,No
Cairo,2025-06-19,29.7,0.0,No
LA,2025-06-19,21.9,0.0,No
Istanbul,2025-06-19,22.6,5.1,Yes
Beirut,2025-06-20,24.9,0.0,No
Paris,2025-06-20,18.0,3.4,Yes
Riyadh,2025-06-20,35.7,0.0,No
Cairo,2025-06-20,29.7,0.0,No
LA,2025-06-20,22.6,0.0,No
Istanbul,2025-06-20,23.0,1.1,Yes
Beirut,2025-06-21,24.9,0.0,No
Paris,2025-06-21,18.2,2.4,Yes
Riyadh,2025-06-21,35.2,0.0,No
Cairo,2025-06-21,29.8,0.0,No
LA,2025-06-21,21.8,0.0,No
Istanbul,2025-06-21,23.6,0.5,Yes
Beirut,2025-06-22,25.3,0.0,No
Paris,2025-06-22,17.9,5.7,Yes
Riyadh,2025-06-22,35.0,0.0,No
Cairo,2025-06-22,30.0,0.0,No
LA,2025-06-22,21.6,0.3,Yes
Istanbul,2025-06-22,23.7,0.4,Yes
Beirut,2025-06-23,25.4,0.1,Yes
Paris,2025-06-23,18.3,0.5,Yes
Riyadh,2025-06-23,34.9,0.0,No
Cairo,2025-06-23,30.0,0.0,No
LA,2025-06-23,21.3,0.0,No
Istanbul,2025-06-23,23.9,2.0,Yes
Beirut,2025-06-24,25.7,0.5,Yes
Paris,2025-06-24,18.7,1.0,Yes
Riyadh,2025-06-24,34.8,0.0,No
Cairo,2025-06-24,29.8,0.0,No
LA,2025-06-24,21.3,0.0,No
Istanbul,2025-06-24,23.8,1.0,Yes
Beirut,2025-06-25,25.9,0.2,Yes
Paris,2025-06-25,19.4,1.5,Yes
Riyadh,2025-06-25,35.2,0.0,No
Cairo,2025-06-25,29.6,0.0,No
LA,2025-06-25,21.6,0.0,No
Istanbul,2025-06-25,23.9,0.1,Yes
Beirut,2025-06-26,26.1,0.0,No
Paris,2025-06-26,19.9,1.3,Yes
Riyadh,2025-06-26,35.6,0.0,No
Cairo,2025-06-26,29.9,0.0,No
LA,2025-06-26,22.6,0.0,No
Istanbul,2025-06-26,23.8,0.6,Yes
Beirut,2025-06-27,26.2,0.0,No
Paris,2025-06-27,19.8,1.6,Yes
Riyadh,2025-06-27,35.4,0.0,No
Cairo,2025-06-27,30.4,0.0,No
LA,2025-06-27,23.2,0.0,No
Istanbul,2025-06-27,23.8,0.8,Yes
Beirut,2025-06-28,25.8,0.0,No
Paris,2025-06-28,19.9,4.1,Yes
Riyadh,2025-06-28,35.4,0.0,No
Cairo,2025-06-28,29.7,0.0,No
LA,2025-06-28,22.9,0.1,Yes
Istanbul,2025-06-28,23.8,1.8,Yes
Beirut,2025-06-29,25.8,0.1,Yes
Paris,2025-06-29,19.2,3.1,Yes
Riyadh,2025-06-29,35.7,0.0,No
Cairo,2025-06-29,29.7,0.0,No
LA,2025-06-29,22.5,0.0,No
Istanbul,2025-06-29,23.6,0.6,Yes
Beirut,2025-06-30,25.9,0.0,No
Paris,2025-06-30,19.0,2.4,Yes
Riyadh,2025-06-30,35.9,0.0,No
Cairo,2025-06-30,29.4,0.0,No
LA,2025-06-30,23.0,0.0,No
Istanbul,2025-06-30,24.1,1.0,Yes
Beirut,2025-07-01,26.0,0.0,No
Paris,2025-07-01,19.8,1.1,Yes
Riyadh,2025-07-01,36.0,0.0,No
Cairo,2025-07-01,29.7,0.0,No
LA,2025-07-01,22.8,0.0,No
Istanbul,2025-07-01,24.6,0.5,Yes
Beirut,2025-07-02,26.3,0.0,No
Paris,2025-07-02,19.8,0.5,Yes
Riyadh,2025-07-02,36.1,0.0,No
Cairo,2025-07-02,30.0,0.0,No
LA,2025-07-02,22.5,0.1,Yes
Istanbul,2025-07-02,24.6,0.7,Yes
Beirut,2025-07-03,26.5,0.0,No
Paris,2025-07-03,19.4,1.5,Yes
Riyadh,2025-07-03,35.9,0.0,No
Cairo,2025-07-03,30.2,0.0,No
LA,2025-07-03,22.3,0.0,No
Istanbul,2025-07-03,24.6,0.9,Yes
Beirut,2025-07-04,26.6,0.0,No
Paris,2025-07-04,20.1,1.6,Yes
Riyadh,2025-07-04,36.1,0.0,No
Cairo,2025-07-04,30.0,0.0,No
LA,2025-07-04,22.3,0.0,No
Istanbul,2025-07-04,24.2,0.7,Yes
Beirut,2025-07-05,26.2,0.0,No
Paris,2025-07-05,19.8,1.9,Yes
Riyadh,2025-07-05,36.2,0.0,No
Cairo,2025-07-05,29.3,0.0,No
LA,2025-07-05,22.5,0.0,No
Istanbul,2025-07-05,24.5,0.2,Yes
Beirut,2025-07-06,25.9,0.0,No
Paris,2025-07-06,19.7,1.4,Yes
Riyadh,2025-07-06,36.1,0.0,No
Cairo,2025-07-06,29.6,0.0,No
LA,2025-07-06,23.1,0.0,No
Istanbul,2025-07-06,24.6,0.7,Yes
Beirut,2025-07-07,26.1,0.0,No
Paris,2025-07-07,20.2,0.6,Yes
Riyadh,2025-07-07,36.4,0.0,No
Cairo,2025-07-07,30.0,0.0,No
LA,2025-07-07,23.2,0.0,No
Istanbul,2025-07-07,25.0,0.4,Yes
Beirut,2025-07-08,26.3,0.0,No
Paris,2025-07-08,19.7,0.2,Yes
Riyadh,2025-07-08,36.7,0.0,No
Cairo,2025-07-08,30.0,0.0,No
LA,2025-07-08,23.3,0.0,No
Istanbul,2025-07-08,24.4,2.0,Yes
Beirut,2025-07-09,26.8,0.0,No
Paris,2025-07-09,19.9,3.4,Yes
Riyadh,2025-07-09,36.7,0.0,No
Cairo,2025-07-09,30.2,0.0,No
LA,2025-07-09,23.5,0.0,No
Istanbul,2025-07-09,24.8,0.4,Yes
Beirut,2025-07-10,27.0,0.0,No
Paris,2025-07-10,19.5,3.4,Yes
Riyadh,2025-07-10,36.5,0.0,No
Cairo,2025-07-10,30.2,0.0,No
LA,2025-07-10,23.7,0.0,No
Istanbul,2025-07-10,24.7,8.0,Yes
Beirut,2025-07-11,27.1,0.0,No
Paris,2025-07-11,19.6,0.4,Yes
Riyadh,2025-07-11,36.6,0.0,No
Cairo,2025-07-11,30.5,0.0,No
LA,2025-07-11,23.7,0.0,No
Istanbul,2025-07-11,24.7,3.4,Yes
Beirut,2025-07-12,27.3,0.0,No
Paris,2025-07-12,19.2,3.4,Yes
Riyadh,2025-07-12,36.9,0.0,No
Cairo,2025-07-12,30.7,0.0,No
LA,2025-07-12,23.6,0.0,No
Istanbul,2025-07-12,24.9,0.2,Yes
Beirut,2025-07-13,27.1,0.0,No
Paris,2025-07-13,19.0,2.5,Yes
Riyadh,2025-07-13,36.9,0.0,No
Cairo,2025-07-13,30.1,0.0,No
LA,2025-07-13,23.9,0.0,No
Istanbul,2025-07-13,24.8,0.2,Yes
Beirut,2025-07-14,27.0,0.0,No
Paris,2025-07-14,18.9,3.0,Yes
Riyadh,2025-07-14,36.9,0.0,No
Cairo,2025-07-14,30.2,0.0,No
LA,2025-07-14,23.8,0.3,Yes
Istanbul,2025-07-14,24.9,0.7,Yes
Beirut,2025-07-15,27.2,0.2,Yes
Paris,2025-07-15,19.4,0.3,Yes
Riyadh,2025-07-15,37.0,0.0,No
Cairo,2025-07-15,30.6,0.0,No
LA,2025-07-15,23.6,0.7,Yes
Istanbul,2025-07-15,24.7,1.7,Yes
Beirut,2025-07-16,27.2,0.0,No
Paris,2025-07-16,20.5,1.9,Yes
Riyadh,2025-07-16,37.0,0.0,No
Cairo,2025-07-16,30.9,0.0,No
LA,2025-07-16,23.4,0.0,No
Istanbul,2025-07-16,25.0,0.5,Yes
Beirut,2025-07-17,27.2,0.0,No
Paris,2025-07-17,20.6,1.2,Yes
Riyadh,2025-07-17,36.6,0.0,No
Cairo,2025-07-17,31.0,0.0,No
LA,2025-07-17,23.5,0.0,No
Istanbul,2025-07-17,25.2,0.1,Yes
Beirut,2025-07-18,27.1,0.0,No
Paris,2025-07-18,21.6,0.2,Yes
Riyadh,2025-07-18,36.4,0.0,No
Cairo,2025-07-18,30.9,0.0,No
LA,2025-07-18,23.7,0.8,Yes
Istanbul,2025-07-18,24.9,4.8,Yes
Beirut,2025-07-19,27.4,0.0,No
Paris,2025-07-19,21.9,3.8,Yes
Riyadh,2025-07-19,36.6,0.0,No
Cairo,2025-07-19,30.7,0.0,No
LA,2025-07-19,24.4,0.5,Yes
Istanbul,2025-07-19,25.2,1.4,Yes
Beirut,2025-07-20,26.9,0.0,No
Paris,2025-07-20,20.7,3.3,Yes
Riyadh,2025-07-20,36.8,0.0,No
Cairo,2025-07-20,30.5,0.0,No
LA,2025-07-20,24.0,0.0,No
Istanbul,2025-07-20,25.3,0.8,Yes
Beirut,2025-07-21,26.6,0.0,No
Paris,2025-07-21,20.7,1.5,Yes
Riyadh,2025-07-21,36.6,0.0,No
Cairo,2025-07-21,30.2,0.0,No
LA,2025-07-21,23.6,0.1,Yes
Istanbul,2025-07-21,25.2,0.5,Yes
Beirut,2025-07-22,26.9,0.0,No
Paris,2025-07-22,20.7,1.1,Yes
Riyadh,2025-07-22,36.6,0.0,No
Cairo,2025-07-22,30.3,0.0,No
LA,2025-07-22,23.6,0.2,Yes
Istanbul,2025-07-22,25.4,0.1,Yes
Beirut,2025-07-23,27.3,0.0,No
Paris,2025-07-23,20.9,1.8,Yes
Riyadh,2025-07-23,36.8,0.0,No
Cairo,2025-07-23,30.7,0.0,No
LA,2025-07-23,23.9,0.0,No
Istanbul,2025-07-23,26.0,0.0,No
Beirut,2025-07-24,27.7,0.0,No
Paris,2025-07-24,21.2,1.5,Yes
Riyadh,2025-07-24,36.6,0.0,No
Cairo,2025-07-24,31.2,0.0,No
LA,2025-07-24,24.2,0.0,No
Istanbul,2025-07-24,25.7,2.7,Yes
Beirut,2025-07-25,27.9,0.1,Yes
Paris,2025-07-25,21.2,2.0,Yes
Riyadh,2025-07-25,36.6,0.0,No
Cairo,2025-07-25,31.2,0.0,No
LA,2025-07-25,23.7,0.2,Yes
Istanbul,2025-07-25,26.2,0.5,Yes
Beirut,2025-07-26,27.9,0.0,No
Paris,2025-07-26,20.6,1.6,Yes
Riyadh,2025-07-26,36.6,0.0,No
Cairo,2025-07-26,31.2,0.0,No
LA,2025-07-26,23.7,0.4,Yes
Istanbul,2025-07-26,26.5,0.1,Yes
Beirut,2025-07-27,27.8,0.0,No
Paris,2025-07-27,20.6,6.9,Yes
Riyadh,2025-07-27,36.7,0.0,No
Cairo,2025-07-27,31.3,0.0,No
LA,2025-07-27,23.7,0.0,No
Istanbul,2025-07-27,26.1,0.8,Yes
Beirut,2025-07-28,27.6,0.0,No
Paris,2025-07-28,19.5,3.1,Yes
Riyadh,2025-07-28,36.7,0.0,No
Cairo,2025-07-28,30.9,0.0,No
LA,2025-07-28,23.6,0.2,Yes
Istanbul,2025-07-28,25.7,0.6,Yes
Beirut,2025-07-29,27.7,0.0,No
Paris,2025-07-29,19.5,1.0,Yes
Riyadh,2025-07-29,36.3,0.0,No
Cairo,2025-07-29,30.6,0.0,No
LA,2025-07-29,23.6,0.0,No
Istanbul,2025-07-29,26.0,0.0,No
Beirut,2025-07-30,27.8,0.0,No
Paris,2025-07-30,19.4,0.1,Yes
Riyadh,2025-07-30,36.6,0.0,No
Cairo,2025-07-30,31.0,0.0,No
LA,2025-07-30,23.8,0.0,No
Istanbul,2025-07-30,26.2,0.1,Yes
Beirut,2025-07-31,28.0,0.0,No
Paris,2025-07-31,20.3,1.0,Yes
Riyadh,2025-07-31,36.8,0.0,No
Cairo,2025-07-31,31.3,0.0,No
LA,2025-07-31,24.2,0.0,No
Istanbul,2025-07-31,26.1,0.3,Yes
Beirut,2025-08-01,28.3,0.0,No
Paris,2025-08-01,21.0,1.7,Yes
Riyadh,2025-08-01,36.8,0.0,No
Cairo,2025-08-01,31.6,0.0,No
LA,2025-08-01,24.5,0.1,Yes
Istanbul,2025-08-01,26.1,0.9,Yes
Beirut,2025-08-02,28.0,0.0,No
Paris,2025-08-02,21.0,3.3,Yes
Riyadh,2025-08-02,36.9,0.0,No
Cairo,2025-08-02,31.5,0.0,No
LA,2025-08-02,24.6,0.0,No
Istanbul,2025-08-02,26.2,0.6,Yes
Beirut,2025-08-03,27.9,0.0,No
Paris,2025-08-03,20.9,1.9,Yes
Riyadh,2025-08-03,36.8,0.0,No
Cairo,2025-08-03,31.4,0.0,No
LA,2025-08-03,24.5,0.3,Yes
Istanbul,2025-08-03,26.4,0.4,Yes
Beirut,2025-08-04,27.7,0.0,No
Paris,2025-08-04,20.3,1.8,Yes
Riyadh,2025-08-04,36.8,0.0,No
Cairo,2025-08-04,31.4,0.0,No
LA,2025-08-04,24.2,0.0,No
Istanbul,2025-08-04,26.3,0.2,Yes
Beirut,2025-08-05,27.7,0.0,No
Paris,2025-08-05,20.2,1.5,Yes
Riyadh,2025-08-05,36.6,0.0,No
Cairo,2025-08-05,31.6,0.0,No
LA,2025-08-05,24.1,0.0,No
Istanbul,2025-08-05,26.4,0.0,No
Beirut,2025-08-06,27.7,0.1,Yes
Paris,2025-08-06,20.3,2.0,Yes
Riyadh,2025-08-06,36.5,0.0,No
Cairo,2025-08-06,32.0,0.0,No
LA,2025-08-06,23.7,0.0,No
Istanbul,2025-08-06,26.6,0.2,Yes
Beirut,2025-08-07,27.7,0.0,No
Paris,2025-08-07,20.5,2.9,Yes
Riyadh,2025-08-07,36.2,0.0,No
Cairo,2025-08-07,31.6,0.0,No
LA,2025-08-07,23.3,0.0,No
Istanbul,2025-08-07,26.3,1.4,Yes
Beirut,2025-08-08,27.4,0.0,No
Paris,2025-08-08,20.2,2.1,Yes
Riyadh,2025-08-08,36.3,0.0,No
Cairo,2025-08-08,31.0,0.0,No
LA,2025-08-08,23.3,0.0,No
Istanbul,2025-08-08,26.0,0.5,Yes
Beirut,2025-08-09,27.3,0.0,No
Paris,2025-08-09,20.1,2.4,Yes
Riyadh,2025-08-09,36.4,0.0,No
Cairo,2025-08-09,30.9,0.0,No
LA,2025-08-09,23.3,0.2,Yes
Istanbul,2025-08-09,25.8,0.6,Yes
Beirut,2025-08-10,27.1,0.1,Yes
Paris,2025-08-10,20.1,1.1,Yes
Riyadh,2025-08-10,36.3,0.0,No
Cairo,2025-08-10,31.0,0.0,No
LA,2025-08-10,23.3,0.1,Yes
Istanbul,2025-08-10,25.8,0.2,Yes
Beirut,2025-08-11,27.2,0.1,Yes
Paris,2025-08-11,20.5,1.5,Yes
Riyadh,2025-08-11,36.2,0.0,No
Cairo,2025-08-11,31.0,0.0,No
LA,2025-08-11,23.3,0.0,No
Istanbul,2025-08-11,25.6,4.1,Yes
Beirut,2025-08-12,27.3,0.0,No
Paris,2025-08-12,21.1,1.9,Yes
Riyadh,2025-08-12,36.2,0.0,No
Cairo,2025-08-12,30.8,0.0,No
LA,2025-08-12,23.9,0.0,No
Istanbul,2025-08-12,25.5,2.6,Yes
Beirut,2025-08-13,27.5,0.0,No
Paris,2025-08-13,20.3,1.5,Yes
Riyadh,2025-08-13,36.3,0.0,No
Cairo,2025-08-13,30.6,0.0,No
LA,2025-08-13,24.5,0.0,No
Istanbul,2025-08-13,25.4,0.7,Yes
Beirut,2025-08-14,27.7,0.0,No
Paris,2025-08-14,20.2,2.3,Yes
Riyadh,2025-08-14,36.1,0.0,No
Cairo,2025-08-14,30.4,0.0,No
LA,2025-08-14,24.7,0.0,No
Istanbul,2025-08-14,25.5,0.1,Yes
Beirut,2025-08-15,27.8,0.0,No
Paris,2025-08-15,20.4,3.6,Yes
Riyadh,2025-08-15,36.2,0.0,No
Cairo,2025-08-15,30.7,0.0,No
LA,2025-08-15,25.0,0.0,No
Istanbul,2025-08-15,25.5,0.6,Yes
Beirut,2025-08-16,27.9,0.0,No
Paris,2025-08-16,20.3,1.7,Yes
Riyadh,2025-08-16,35.9,0.0,No
Cairo,2025-08-16,30.6,0.0,No
LA,2025-08-16,25.0,0.0,No
Istanbul,2025-08-16,25.7,0.6,Yes
Beirut,2025-08-17,27.7,0.0,No
Paris,2025-08-17,19.8,2.5,Yes
Riyadh,2025-08-17,35.8,0.0,No
Cairo,2025-08-17,30.3,0.0,No
LA,2025-08-17,24.7,0.0,No
Istanbul,2025-08-17,25.6,1.8,Yes
Beirut,2025-08-18,27.4,0.0,No
Paris,2025-08-18,20.5,2.0,Yes
Riyadh,2025-08-18,35.8,0.0,No
Cairo,2025-08-18,30.2,0.0,No
LA,2025-08-18,24.3,0.1,Yes
Istanbul,2025-08-18,25.4,1.0,Yes
Beirut,2025-08-19,27.4,0.0,No
Paris,2025-08-19,20.5,1.0,Yes
Riyadh,2025-08-19,35.8,0.0,No
Cairo,2025-08-19,30.1,0.0,No
LA,2025-08-19,23.6,0.0,No
Istanbul,2025-08-19,25.4,0.2,Yes
Beirut,2025-08-20,27.8,0.0,No
Paris,2025-08-20,20.7,0.5,Yes
Riyadh,2025-08-20,35.7,0.0,No
Cairo,2025-08-20,30.5,0.0,No
LA,2025-08-20,23.4,3.5,Yes
Istanbul,2025-08-20,25.3,0.0,No
Beirut,2025-08-21,27.8,0.0,No
Paris,2025-08-21,21.1,0.5,Yes
Riyadh,2025-08-21,35.8,0.0,No
Cairo,2025-08-21,30.6,0.0,No
LA,2025-08-21,23.4,0.7,Yes
Istanbul,2025-08-21,25.2,0.7,Yes
Beirut,2025-08-22,27.5,0.0,No
Paris,2025-08-22,21.1,0.1,Yes
Riyadh,2025-08-22,36.2,0.0,No
Cairo,2025-08-22,30.3,0.0,No
LA,2025-08-22,23.6,0.0,No
Istanbul,2025-08-22,25.2,0.9,Yes
Beirut,2025-08-23,27.5,0.0,No
Paris,2025-08-23,21.1,0.9,Yes
Riyadh,2025-08-23,36.2,0.0,No
Cairo,2025-08-23,30.3,0.0,No
LA,2025-08-23,23.8,0.0,No
Istanbul,2025-08-23,25.2,0.2,Yes
Beirut,2025-08-24,27.7,0.0,No
Paris,2025-08-24,20.3,2.2,Yes
Riyadh,2025-08-24,35.9,0.0,No
Cairo,2025-08-24,30.3,0.0,No
LA,2025-08-24,24.1,0.0,No
Istanbul,2025-08-24,25.2,0.1,Yes
Beirut,2025-08-25,27.6,0.0,No
Paris,2025-08-25,19.9,5.1,Yes
Riyadh,2025-08-25,35.7,0.0,No
Cairo,2025-08-25,30.3,0.0,No
LA,2025-08-25,24.5,0.0,No
Istanbul,2025-08-25,25.0,0.5,Yes
Beirut,2025-08-26,27.4,0.0,No
Paris,2025-08-26,20.3,2.6,Yes
Riyadh,2025-08-26,35.6,0.0,No
Cairo,2025-08-26,30.2,0.0,No
LA,2025-08-26,25.2,0.0,No
Istanbul,2025-08-26,25.0,0.2,Yes
Beirut,2025-08-27,27.4,0.0,No
Paris,2025-08-27,19.7,2.8,Yes
Riyadh,2025-08-27,35.6,0.0,No
Cairo,2025-08-27,30.1,0.0,No
LA,2025-08-27,25.6,0.0,No
Istanbul,2025-08-27,25.1,0.2,Yes
Beirut,2025-08-28,27.3,0.2,Yes
Paris,2025-08-28,19.3,0.2,Yes
Riyadh,2025-08-28,35.7,0.0,No
Cairo,2025-08-28,29.9,0.0,No
LA,2025-08-28,25.8,0.0,No
Istanbul,2025-08-28,25.2,0.7,Yes
Beirut,2025-08-29,27.3,0.2,Yes
Paris,2025-08-29,18.9,1.2,Yes
Riyadh,2025-08-29,35.8,0.0,No
Cairo,2025-08-29,30.1,0.0,No
LA,2025-08-29,25.8,0.0,No
Istanbul,2025-08-29,25.0,0.1,Yes
Beirut,2025-08-30,27.5,0.1,Yes
Paris,2025-08-30,18.4,0.8,Yes
Riyadh,2025-08-30,35.3,0.0,No
Cairo,2025-08-30,30.0,0.0,No
LA,2025-08-30,25.3,0.0,No
Istanbul,2025-08-30,24.6,0.4,Yes
Beirut,2025-08-31,27.3,0.1,Yes
Paris,2025-08-31,18.2,0.8,Yes
Riyadh,2025-08-31,35.2,0.0,No
Cairo,2025-08-31,29.7,0.0,No
LA,2025-08-31,25.0,0.1,Yes
Istanbul,2025-08-31,24.6,0.4,Yes
Beirut,2025-09-01,26.9,0.3,Yes
Paris,2025-09-01,17.8,1.1,Yes
Riyadh,2025-09-01,35.0,0.0,No
Cairo,2025-09-01,29.2,0.0,No
LA,2025-09-01,24.6,0.0,No
Istanbul,2025-09-01,24.0,1.0,Yes
Beirut,2025-09-02,26.8,0.0,No
Paris,2025-09-02,18.4,1.1,Yes
Riyadh,2025-09-02,34.9,0.0,No
Cairo,2025-09-02,29.2,0.0,No
LA,2025-09-02,24.6,0.1,Yes
Istanbul,2025-09-02,24.3,0.2,Yes
Beirut,2025-09-03,27.2,0.0,No
Paris,2025-09-03,19.1,1.1,Yes
Riyadh,2025-09-03,34.9,0.0,No
Cairo,2025-09-03,29.2,0.0,No
LA,2025-09-03,24.7,0.6,Yes
Istanbul,2025-09-03,24.4,0.1,Yes
Beirut,2025-09-04,27.5,0.1,Yes
Paris,2025-09-04,19.1,1.6,Yes
Riyadh,2025-09-04,34.9,0.0,No
Cairo,2025-09-04,29.4,0.0,No
LA,2025-09-04,24.9,0.1,Yes
Istanbul,2025-09-04,24.0,0.9,Yes
Beirut,2025-09-05,27.1,0.1,Yes
Paris,2025-09-05,19.2,0.6,Yes
Riyadh,2025-09-05,35.0,0.0,No
Cairo,2025-09-05,29.4,0.0,No
LA,2025-09-05,25.5,0.1,Yes
Istanbul,2025-09-05,23.6,1.0,Yes
Beirut,2025-09-06,26.6,0.0,No
Paris,2025-09-06,18.4,1.1,Yes
Riyadh,2025-09-06,35.0,0.0,No
Cairo,2025-09-06,29.3,0.0,No
LA,2025-09-06,25.6,0.0,No
Istanbul,2025-09-06,23.4,2.0,Yes
Beirut,2025-09-07,26.6,0.1,Yes
Paris,2025-09-07,18.5,0.7,Yes
Riyadh,2025-09-07,34.6,0.0,No
Cairo,2025-09-07,29.3,0.0,No
LA,2025-09-07,25.5,0.0,No
Istanbul,2025-09-07,23.6,0.1,Yes
Beirut,2025-09-08,26.8,0.0,No
Paris,2025-09-08,18.8,1.9,Yes
Riyadh,2025-09-08,34.2,0.0,No
Cairo,2025-09-08,29.4,0.0,No
LA,2025-09-08,25.1,0.1,Yes
Istanbul,2025-09-08,23.2,2.1,Yes
Beirut,2025-09-09,26.7,0.1,Yes
Paris,2025-09-09,19.1,1.1,Yes
Riyadh,2025-09-09,33.9,0.0,No
Cairo,2025-09-09,29.1,0.0,No
LA,2025-09-09,25.0,1.0,Yes
Istanbul,2025-09-09,23.3,2.2,Yes
Beirut,2025-09-10,26.8,0.0,No
Paris,2025-09-10,18.9,0.2,Yes
Riyadh,2025-09-10,33.7,0.0,No
Cairo,2025-09-10,28.8,0.0,No
LA,2025-09-10,24.2,0.1,Yes
Istanbul,2025-09-10,23.1,0.8,Yes
Beirut,2025-09-11,27.0,0.1,Yes
Paris,2025-09-11,18.2,1.0,Yes
Riyadh,2025-09-11,33.5,0.0,No
Cairo,2025-09-11,29.1,0.0,No
LA,2025-09-11,24.2,0.0,No
Istanbul,2025-09-11,23.2,0.1,Yes
Beirut,2025-09-12,27.2,0.0,No
Paris,2025-09-12,17.9,1.3,Yes
Riyadh,2025-09-12,33.2,0.0,No
Cairo,2025-09-12,29.0,0.0,No
LA,2025-09-12,23.9,0.1,Yes
Istanbul,2025-09-12,22.9,3.4,Yes
Beirut,2025-09-13,26.7,0.2,Yes
Paris,2025-09-13,18.0,4.1,Yes
Riyadh,2025-09-13,33.0,0.0,No
Cairo,2025-09-13,28.8,0.0,No
LA,2025-09-13,23.6,0.1,Yes
Istanbul,2025-09-13,22.8,3.6,Yes
Beirut,2025-09-14,26.4,0.1,Yes
Paris,2025-09-14,18.0,4.5,Yes
Riyadh,2025-09-14,33.1,0.0,No
Cairo,2025-09-14,28.2,0.0,No
LA,2025-09-14,23.9,0.0,No
Istanbul,2025-09-14,22.9,2.5,Yes
Beirut,2025-09-15,26.0,0.1,Yes
Paris,2025-09-15,17.7,1.8,Yes
Riyadh,2025-09-15,32.8,0.0,No
Cairo,2025-09-15,28.1,0.0,No
LA,2025-09-15,23.6,1.0,Yes
Istanbul,2025-09-15,23.0,0.1,Yes
Beirut,2025-09-16,26.0,0.2,Yes
Paris,2025-09-16,17.2,2.1,Yes
Riyadh,2025-09-16,32.7,0.0,No
Cairo,2025-09-16,28.1,0.0,No
LA,2025-09-16,23.3,0.0,No
Istanbul,2025-09-16,23.0,0.3,Yes
Beirut,2025-09-17,26.1,0.0,No
Paris,2025-09-17,16.8,1.4,Yes
Riyadh,2025-09-17,32.9,0.0,No
Cairo,2025-09-17,28.2,0.0,No
LA,2025-09-17,22.7,0.0,No
Istanbul,2025-09-17,23.1,0.1,Yes
Beirut,2025-09-18,26.2,0.0,No
Paris,2025-09-18,16.3,1.4,Yes
Riyadh,2025-09-18,33.0,0.0,No
Cairo,2025-09-18,28.5,0.0,No
LA,2025-09-18,22.8,0.0,No
Istanbul,2025-09-18,23.0,2.2,Yes
Beirut,2025-09-19,26.3,0.3,Yes
Paris,2025-09-19,16.2,0.3,Yes
Riyadh,2025-09-19,32.8,0.0,No
Cairo,2025-09-19,28.6,0.0,No
LA,2025-09-19,22.7,0.0,No
Istanbul,2025-09-19,22.4,0.5,Yes
Beirut,2025-09-20,26.0,0.2,Yes
Paris,2025-09-20,16.4,0.6,Yes
Riyadh,2025-09-20,32.4,0.0,No
Cairo,2025-09-20,28.2,0.0,No
LA,2025-09-20,23.0,0.0,No
Istanbul,2025-09-20,21.6,2.7,Yes
Beirut,2025-09-21,25.7,0.6,Yes
Paris,2025-09-21,16.4,1.9,Yes
Riyadh,2025-09-21,31.9,0.0,No
Cairo,2025-09-21,28.5,0.0,No
LA,2025-09-21,22.9,0.1,Yes
Istanbul,2025-09-21,20.3,1.0,Yes
Beirut,2025-09-22,25.5,0.0,No
Paris,2025-09-22,16.1,1.3,Yes
Riyadh,2025-09-22,31.7,0.0,No
Cairo,2025-09-22,28.3,0.0,No
LA,2025-09-22,23.1,0.0,No
Istanbul,2025-09-22,19.8,2.4,Yes
Beirut,2025-09-23,25.3,0.9,Yes
Paris,2025-09-23,16.3,1.3,Yes
Riyadh,2025-09-23,31.8,0.0,No
Cairo,2025-09-23,27.3,0.0,No
LA,2025-09-23,23.5,0.0,No
Istanbul,2025-09-23,20.1,2.9,Yes
Beirut,2025-09-24,25.0,0.6,Yes
Paris,2025-09-24,15.4,2.8,Yes
Riyadh,2025-09-24,31.6,0.0,No
Cairo,2025-09-24,27.1,0.0,No
LA,2025-09-24,24.2,0.0,No
Istanbul,2025-09-24,20.6,0.4,Yes
Beirut,2025-09-25,25.2,0.0,No
Paris,2025-09-25,15.0,1.0,Yes
Riyadh,2025-09-25,31.0,0.0,No
Cairo,2025-09-25,27.3,0.0,No
LA,2025-09-25,23.9,0.0,No
Istanbul,2025-09-25,21.1,0.4,Yes
Beirut,2025-09-26,25.3,0.1,Yes
Paris,2025-09-26,15.2,1.2,Yes
Riyadh,2025-09-26,30.6,0.0,No
Cairo,2025-09-26,27.6,0.0,No
LA,2025-09-26,23.9,0.0,No
Istanbul,2025-09-26,21.3,1.5,Yes
Beirut,2025-09-27,25.4,0.0,No
Paris,2025-09-27,15.4,1.9,Yes
Riyadh,2025-09-27,30.6,0.0,No
Cairo,2025-09-27,27.8,0.0,No
LA,2025-09-27,23.8,0.0,No
Istanbul,2025-09-27,20.9,5.8,Yes
Beirut,2025-09-28,25.0,2.0,Yes
Paris,2025-09-28,15.6,1.3,Yes
Riyadh,2025-09-28,30.4,0.0,No
Cairo,2025-09-28,27.8,0.0,No
LA,2025-09-28,23.0,0.2,Yes
Istanbul,2025-09-28,20.6,2.7,Yes
Beirut,2025-09-29,25.2,0.1,Yes
Paris,2025-09-29,15.6,1.7,Yes
Riyadh,2025-09-29,30.3,0.0,No
Cairo,2025-09-29,27.7,0.0,No
LA,2025-09-29,23.1,0.0,No
Istanbul,2025-09-29,20.7,2.9,Yes
Beirut,2025-09-30,25.4,0.1,Yes
Paris,2025-09-30,15.2,0.8,Yes
Riyadh,2025-09-30,30.2,0.0,No
Cairo,2025-09-30,27.5,0.0,No
LA,2025-09-30,23.5,0.1,Yes
Istanbul,2025-09-30,20.1,3.8,Yes
Beirut,2025-10-01,25.7,0.8,Yes
Paris,2025-10-01,15.0,2.6,Yes
Riyadh,2025-10-01,30.0,0.0,No
Cairo,2025-10-01,27.6,0.0,No
LA,2025-10-01,23.6,0.1,Yes
Istanbul,2025-10-01,19.9,3.1,Yes
Beirut,2025-10-02,25.7,0.5,Yes
Paris,2025-10-02,15.1,4.0,Yes
Riyadh,2025-10-02,29.8,0.0,No
Cairo,2025-10-02,27.4,0.0,No
LA,2025-10-02,23.2,0.0,No
Istanbul,2025-10-02,19.7,1.1,Yes
Beirut,2025-10-03,25.3,0.5,Yes
Paris,2025-10-03,15.1,2.9,Yes
Riyadh,2025-10-03,29.6,0.0,No
Cairo,2025-10-03,27.2,0.0,No
LA,2025-10-03,22.2,0.3,Yes
Istanbul,2025-10-03,19.3,0.5,Yes
Beirut,2025-10-04,24.6,0.1,Yes
Paris,2025-10-04,15.1,1.9,Yes
Riyadh,2025-10-04,29.6,0.0,No
Cairo,2025-10-04,26.3,0.0,No
LA,2025-10-04,21.2,0.5,Yes
Istanbul,2025-10-04,19.0,0.9,Yes
Beirut,2025-10-05,23.8,0.0,No
Paris,2025-10-05,14.8,4.0,Yes
Riyadh,2025-10-05,29.6,0.0,No
Cairo,2025-10-05,25.7,0.0,No
LA,2025-10-05,20.8,1.7,Yes
Istanbul,2025-10-05,18.4,1.7,Yes
Beirut,2025-10-06,23.4,0.2,Yes
Paris,2025-10-06,14.4,3.5,Yes
Riyadh,2025-10-06,29.2,0.0,No
Cairo,2025-10-06,25.0,0.0,No
LA,2025-10-06,21.2,0.6,Yes
Istanbul,2025-10-06,18.6,0.8,Yes
Beirut,2025-10-07,23.6,0.7,Yes
Paris,2025-10-07,13.9,1.5,Yes
Riyadh,2025-10-07,29.4,0.0,No
Cairo,2025-10-07,25.3,0.0,No
LA,2025-10-07,21.4,0.1,Yes
Istanbul,2025-10-07,19.3,0.6,Yes
Beirut,2025-10-08,23.8,0.6,Yes
Paris,2025-10-08,14.2,2.8,Yes
Riyadh,2025-10-08,28.7,0.0,No
Cairo,2025-10-08,26.0,0.0,No
LA,2025-10-08,20.9,0.2,Yes
Istanbul,2025-10-08,18.2,4.5,Yes
Beirut,2025-10-09,24.2,1.0,Yes
Paris,2025-10-09,14.3,2.1,Yes
Riyadh,2025-10-09,28.5,0.0,No
Cairo,2025-10-09,26.1,0.0,No
LA,2025-10-09,20.9,0.5,Yes
Istanbul,2025-10-09,17.7,3.8,Yes
Beirut,2025-10-10,24.1,0.1,Yes
Paris,2025-10-10,13.7,0.5,Yes
Riyadh,2025-10-10,28.3,0.0,No
Cairo,2025-10-10,25.7,0.0,No
LA,2025-10-10,20.8,0.0,No
Istanbul,2025-10-10,18.1,3.2,Yes
Beirut,2025-10-11,24.0,0.3,Yes
Paris,2025-10-11,13.5,1.4,Yes
Riyadh,2025-10-11,28.0,0.0,No
Cairo,2025-10-11,25.2,0.0,No
LA,2025-10-11,20.6,0.2,Yes
Istanbul,2025-10-11,18.6,2.8,Yes
Beirut,2025-10-12,23.6,0.5,Yes
Paris,2025-10-12,13.0,1.0,Yes
Riyadh,2025-10-12,27.6,0.0,No
Cairo,2025-10-12,25.4,0.0,No
LA,2025-10-12,20.8,0.1,Yes
Istanbul,2025-10-12,18.9,1.6,Yes
Beirut,2025-10-13,23.9,0.1,Yes
Paris,2025-10-13,12.7,1.7,Yes
Riyadh,2025-10-13,27.6,0.0,No
Cairo,2025-10-13,25.6,0.0,No
LA,2025-10-13,21.0,1.0,Yes
Istanbul,2025-10-13,18.3,1.9,Yes
Beirut,2025-10-14,24.1,0.3,Yes
Paris,2025-10-14,12.2,3.5,Yes
Riyadh,2025-10-14,27.5,0.0,No
Cairo,2025-10-14,25.5,0.0,No
LA,2025-10-14,21.1,1.8,Yes
Istanbul,2025-10-14,17.5,3.9,Yes
Beirut,2025-10-15,24.0,1.15,Yes
Paris,2025-10-15,12.1,1.5,Yes
Riyadh,2025-10-15,28.1,0.0,No
Cairo,2025-10-15,25.6,0.0,No
LA,2025-10-15,21.7,0.3,Yes
Istanbul,2025-10-15,17.8,3.38,Yes
Beirut,2025-10-16,23.9,1.41,Yes
Paris,2025-10-16,12.7,2.2,Yes
Riyadh,2025-10-16,27.7,0.0,No
Cairo,2025-10-16,25.7,0.0,No
LA,2025-10-16,22.3,0.3,Yes
Istanbul,2025-10-16,18.1,1.69,Yes
Beirut,2025-10-17,23.8,0.79,Yes
Paris,2025-10-17,12.9,2.49,Yes
Riyadh,2025-10-17,27.7,0.0,No
Cairo,2025-10-17,25.5,0.01,Yes
LA,2025-10-17,21.5,0.38,Yes
Istanbul,2025-10-17,17.5,2.72,Yes
Beirut,2025-10-18,23.7,1.42,Yes
Paris,2025-10-18,13.4,1.88,Yes
Riyadh,2025-10-18,27.4,0.0,No
Cairo,2025-10-18,25.4,0.0,No
LA,2025-10-18,21.1,0.41,Yes
Istanbul,2025-10-18,16.8,3.45,Yes
Beirut,2025-10-19,23.7,1.98,Yes
Paris,2025-10-19,13.4,1.37,Yes
Riyadh,2025-10-19,27.1,0.0,No
Cairo,2025-10-19,25.2,0.0,No
LA,2025-10-19,21.2,0.33,Yes
Istanbul,2025-10-19,16.9,0.75,Yes
Beirut,2025-10-20,23.2,0.33,Yes
Paris,2025-10-20,13.1,3.95,Yes
Riyadh,2025-10-20,27.3,0.0,No
Cairo,2025-10-20,24.7,0.0,No
LA,2025-10-20,21.1,0.16,Yes
Istanbul,2025-10-20,17.0,0.65,Yes
Beirut,2025-10-21,22.8,0.26,Yes
Paris,2025-10-21,12.7,4.09,Yes
Riyadh,2025-10-21,26.8,0.0,No
Cairo,2025-10-21,24.4,0.0,No
LA,2025-10-21,20.7,0.03,Yes
Istanbul,2025-10-21,16.9,2.75,Yes
Beirut,2025-10-22,23.0,0.09,Yes
Paris,2025-10-22,12.2,1.27,Yes
Riyadh,2025-10-22,26.2,0.0,No
Cairo,2025-10-22,24.1,0.12,Yes
LA,2025-10-22,20.5,0.23,Yes
Istanbul,2025-10-22,17.3,1.22,Yes
Beirut,2025-10-23,23.2,0.29,Yes
Paris,2025-10-23,12.6,1.59,Yes
Riyadh,2025-10-23,26.6,0.0,No
Cairo,2025-10-23,23.9,0.39,Yes
LA,2025-10-23,20.4,0.17,Yes
Istanbul,2025-10-23,17.7,4.3,Yes
Beirut,2025-10-24,22.8,0.91,Yes
Paris,2025-10-24,12.9,1.4,Yes
Riyadh,2025-10-24,26.4,0.0,No
Cairo,2025-10-24,23.6,0.04,Yes
LA,2025-10-24,20.2,0.18,Yes
Istanbul,2025-10-24,17.2,1.55,Yes
Beirut,2025-10-25,22.6,2.99,Yes
Paris,2025-10-25,12.7,3.23,Yes
Riyadh,2025-10-25,26.1,0.06,Yes
Cairo,2025-10-25,23.5,0.35,Yes
LA,2025-10-25,20.1,0.93,Yes
Istanbul,2025-10-25,16.6,2.9,Yes
Beirut,2025-10-26,22.6,1.69,Yes
Paris,2025-10-26,12.2,0.95,Yes
Riyadh,2025-10-26,26.1,0.02,Yes
Cairo,2025-10-26,23.6,0.13,Yes
LA,2025-10-26,20.1,0.02,Yes
Istanbul,2025-10-26,16.4,2.25,Yes
Beirut,2025-10-27,22.5,0.32,Yes
Paris,2025-10-27,11.5,1.64,Yes
Riyadh,2025-10-27,26.1,0.02,Yes
Cairo,2025-10-27,23.6,0.01,Yes
LA,2025-10-27,19.8,0.03,Yes
Istanbul,2025-10-27,16.2,1.65,Yes
Beirut,2025-10-28,22.3,1.07,Yes
Paris,2025-10-28,11.8,1.44,Yes
Riyadh,2025-10-28,25.7,0.01,Yes
Cairo,2025-10-28,23.5,0.03,Yes
LA,2025-10-28,19.2,0.29,Yes
Istanbul,2025-10-28,16.1,3.5,Yes
Beirut,2025-10-29,21.9,1.91,Yes
Paris,2025-10-29,11.7,1.44,Yes
Riyadh,2025-10-29,25.0,0.36,Yes
Cairo,2025-10-29,22.9,0.0,No
LA,2025-10-29,19.0,0.0,No
Istanbul,2025-10-29,15.9,3.61,Yes
Beirut,2025-10-30,21.4,3.28,Yes
Paris,2025-10-30,11.3,2.41,Yes
Riyadh,2025-10-30,24.9,0.0,No
Cairo,2025-10-30,22.7,0.03,Yes
LA,2025-10-30,18.8,0.54,Yes
Istanbul,2025-10-30,15.2,5.25,Yes
Beirut,2025-10-31,21.3,1.29,Yes
Paris,2025-10-31,11.4,1.22,Yes
Riyadh,2025-10-31,24.7,0.0,No
Cairo,2025-10-31,22.4,0.01,Yes
LA,2025-10-31,19.0,0.16,Yes
Istanbul,2025-10-31,14.4,3.2,Yes
Beirut,2025-11-01,21.2,3.77,Yes
Paris,2025-11-01,11.9,4.18,Yes
Riyadh,2025-11-01,24.5,0.06,Yes
Cairo,2025-11-01,22.5,0.08,Yes
LA,2025-11-01,19.1,0.55,Yes
Istanbul,2025-11-01,14.4,1.8,Yes
Beirut,2025-11-02,20.6,3.46,Yes
Paris,2025-11-02,11.2,2.14,Yes
Riyadh,2025-11-02,24.1,0.28,Yes
Cairo,2025-11-02,22.2,0.0,No
LA,2025-11-02,19.1,0.19,Yes
Istanbul,2025-11-02,14.4,1.24,Yes
Beirut,2025-11-03,20.3,5.25,Yes
Paris,2025-11-03,10.7,5.32,Yes
Riyadh,2025-11-03,24.4,0.08,Yes
Cairo,2025-11-03,22.1,0.13,Yes
LA,2025-11-03,18.9,0.07,Yes
Istanbul,2025-11-03,14.9,0.53,Yes
Beirut,2025-11-04,20.2,2.57,Yes
Paris,2025-11-04,10.3,3.44,Yes
Riyadh,2025-11-04,24.0,0.14,Yes
Cairo,2025-11-04,22.1,0.44,Yes
LA,2025-11-04,19.0,0.38,Yes
Istanbul,2025-11-04,15.7,1.78,Yes
Beirut,2025-11-05,20.2,1.53,Yes
Paris,2025-11-05,10.2,2.71,Yes
Riyadh,2025-11-05,23.6,0.02,Yes
Cairo,2025-11-05,21.8,0.01,Yes
LA,2025-11-05,19.0,0.01,Yes
Istanbul,2025-11-05,16.0,0.44,Yes
Beirut,2025-11-06,20.6,0.45,Yes
Paris,2025-11-06,10.1,1.94,Yes
Riyadh,2025-11-06,23.7,0.04,Yes
Cairo,2025-11-06,21.7,0.08,Yes
LA,2025-11-06,18.1,0.43,Yes
Istanbul,2025-11-06,16.2,0.45,Yes
Beirut,2025-11-07,20.5,0.7,Yes
Paris,2025-11-07,10.1,1.89,Yes
Riyadh,2025-11-07,23.0,0.04,Yes
Cairo,2025-11-07,21.8,0.08,Yes
LA,2025-11-07,17.5,0.53,Yes
Istanbul,2025-11-07,15.8,1.74,Yes
Beirut,2025-11-08,20.6,0.38,Yes
Paris,2025-11-08,9.4,1.77,Yes
Riyadh,2025-11-08,22.3,0.03,Yes
Cairo,2025-11-08,21.8,0.0,No
LA,2025-11-08,17.9,2.29,Yes
Istanbul,2025-11-08,15.7,0.48,Yes
Beirut,2025-11-09,20.6,2.1,Yes
Paris,2025-11-09,9.6,1.9,Yes
Riyadh,2025-11-09,22.0,0.02,Yes
Cairo,2025-11-09,21.5,0.34,Yes
LA,2025-11-09,17.3,0.26,Yes
Istanbul,2025-11-09,15.6,0.46,Yes
Beirut,2025-11-10,20.4,1.86,Yes
Paris,2025-11-10,9.3,2.91,Yes
Riyadh,2025-11-10,22.3,0.29,Yes
Cairo,2025-11-10,21.1,0.01,Yes
LA,2025-11-10,16.6,0.01,Yes
Istanbul,2025-11-10,15.1,1.01,Yes
Beirut,2025-11-11,20.0,2.54,Yes
Paris,2025-11-11,8.6,1.6,Yes
Riyadh,2025-11-11,22.5,0.12,Yes
Cairo,2025-11-11,21.1,0.01,Yes
LA,2025-11-11,17.0,0.09,Yes
Istanbul,2025-11-11,15.1,1.3,Yes
Beirut,2025-11-12,20.0,0.42,Yes
Paris,2025-11-12,9.5,3.61,Yes
Riyadh,2025-11-12,22.1,0.01,Yes
Cairo,2025-11-12,21.4,0.02,Yes
LA,2025-11-12,17.6,0.81,Yes
Istanbul,2025-11-12,15.1,1.47,Yes
Beirut,2025-11-13,20.4,0.6,Yes
Paris,2025-11-13,10.2,0.77,Yes
Riyadh,2025-11-13,21.5,0.04,Yes
Cairo,2025-11-13,21.5,0.05,Yes
LA,2025-11-13,18.0,0.07,Yes
Istanbul,2025-11-13,14.6,1.12,Yes
Beirut,2025-11-14,20.3,0.9,Yes
Paris,2025-11-14,9.1,2.22,Yes
Riyadh,2025-11-14,21.1,0.0,No
Cairo,2025-11-14,20.9,0.29,Yes
LA,2025-11-14,17.7,0.04,Yes
Istanbul,2025-11-14,13.8,0.33,Yes
Beirut,2025-11-15,19.5,3.66,Yes
Paris,2025-11-15,9.0,2.02,Yes
Riyadh,2025-11-15,21.1,0.06,Yes
Cairo,2025-11-15,20.1,0.0,No
LA,2025-11-15,16.9,0.03,Yes
Istanbul,2025-11-15,13.6,2.64,Yes
Beirut,2025-11-16,18.9,2.5,Yes
Paris,2025-11-16,8.5,1.71,Yes
Riyadh,2025-11-16,21.5,0.67,Yes
Cairo,2025-11-16,19.7,0.01,Yes
LA,2025-11-16,16.9,0.13,Yes
Istanbul,2025-11-16,12.9,1.52,Yes
Beirut,2025-11-17,18.9,2.03,Yes
Paris,2025-11-17,8.7,1.15,Yes
Riyadh,2025-11-17,21.2,0.2,Yes
Cairo,2025-11-17,19.9,0.11,Yes
LA,2025-11-17,17.1,0.35,Yes
Istanbul,2025-11-17,13.0,0.58,Yes
Beirut,2025-11-18,18.7,1.43,Yes
Paris,2025-11-18,8.2,1.26,Yes
Riyadh,2025-11-18,21.1,0.41,Yes
Cairo,2025-11-18,19.7,0.0,No
LA,2025-11-18,16.7,0.51,Yes
Istanbul,2025-11-18,13.4,2.01,Yes
Beirut,2025-11-19,18.5,5.07,Yes
Paris,2025-11-19,8.2,1.06,Yes
Riyadh,2025-11-19,20.5,2.34,Yes
Cairo,2025-11-19,19.6,0.02,Yes
LA,2025-11-19,16.2,0.19,Yes
Istanbul,2025-11-19,13.8,2.26,Yes
Beirut,2025-11-20,18.3,1.44,Yes
Paris,2025-11-20,7.4,3.05,Yes
Riyadh,2025-11-20,19.9,1.13,Yes
Cairo,2025-11-20,19.4,0.07,Yes
LA,2025-11-20,16.0,3.33,Yes
Istanbul,2025-11-20,13.5,2.98,Yes
Beirut,2025-11-21,17.8,3.35,Yes
Paris,2025-11-21,7.1,1.58,Yes
Riyadh,2025-11-21,19.6,0.01,Yes
Cairo,2025-11-21,19.1,0.0,No
LA,2025-11-21,16.5,1.94,Yes
Istanbul,2025-11-21,13.9,1.63,Yes
Beirut,2025-11-22,17.6,1.63,Yes
Paris,2025-11-22,6.6,0.7,Yes
Riyadh,2025-11-22,19.3,0.09,Yes
Cairo,2025-11-22,19.5,0.01,Yes
LA,2025-11-22,16.5,0.46,Yes
Istanbul,2025-11-22,13.1,1.68,Yes
Beirut,2025-11-23,17.5,0.53,Yes
Paris,2025-11-23,7.6,2.3,Yes
Riyadh,2025-11-23,18.7,0.31,Yes
Cairo,2025-11-23,19.1,0.01,Yes
LA,2025-11-23,16.1,0.0,No
Istanbul,2025-11-23,12.9,4.68,Yes
Beirut,2025-11-24,17.0,1.6,Yes
Paris,2025-11-24,8.2,1.29,Yes
Riyadh,2025-11-24,18.6,0.82,Yes
Cairo,2025-11-24,18.6,0.04,Yes
LA,2025-11-24,15.9,0.05,Yes
Istanbul,2025-11-24,12.4,1.21,Yes
Beirut,2025-11-25,16.8,1.93,Yes
Paris,2025-11-25,7.4,2.08,Yes
Riyadh,2025-11-25,18.8,1.78,Yes
Cairo,2025-11-25,18.7,0.05,Yes
LA,2025-11-25,15.9,0.01,Yes
Istanbul,2025-11-25,12.1,2.44,Yes
Beirut,2025-11-26,17.0,4.48,Yes
Paris,2025-11-26,6.7,1.24,Yes
Riyadh,2025-11-26,19.5,0.38,Yes
Cairo,2025-11-26,18.6,0.05,Yes
LA,2025-11-26,15.5,0.19,Yes
Istanbul,2025-11-26,11.8,2.15,Yes
Beirut,2025-11-27,17.0,2.04,Yes
Paris,2025-11-27,6.7,2.93,Yes
Riyadh,2025-11-27,19.4,0.58,Yes
Cairo,2025-11-27,18.3,0.13,Yes
LA,2025-11-27,15.1,1.03,Yes
Istanbul,2025-11-27,12.4,1.34,Yes
Beirut,2025-11-28,17.2,0.39,Yes
Paris,2025-11-28,6.6,2.35,Yes
Riyadh,2025-11-28,18.6,1.05,Yes
Cairo,2025-11-28,18.3,0.02,Yes
LA,2025-11-28,14.4,1.9,Yes
Istanbul,2025-11-28,12.4,7.45,Yes
Beirut,2025-11-29,17.2,0.88,Yes
Paris,2025-11-29,5.9,0.66,Yes
Riyadh,2025-11-29,17.6,2.94,Yes
Cairo,2025-11-29,18.8,0.0,No
LA,2025-11-29,14.5,1.98,Yes
Istanbul,2025-11-29,12.7,6.9,Yes
Beirut,2025-11-30,17.3,1.31,Yes
Paris,2025-11-30,4.9,0.21,Yes
Riyadh,2025-11-30,17.4,0.47,Yes
Cairo,2025-11-30,18.4,0.02,Yes
LA,2025-11-30,14.7,0.3,Yes
Istanbul,2025-11-30,11.9,2.39,Yes
Beirut,2025-12-01,17.0,3.88,Yes
Paris,2025-12-01,5.1,1.69,Yes
Riyadh,2025-12-01,17.5,0.39,Yes
Cairo,2025-12-01,18.1,0.15,Yes
LA,2025-12-01,14.7,0.04,Yes
Istanbul,2025-12-01,11.5,1.32,Yes
Beirut,2025-12-02,17.2,3.88,Yes
Paris,2025-12-02,5.0,1.67,Yes
Riyadh,2025-12-02,17.7,0.01,Yes
Cairo,2025-12-02,18.3,0.0,No
LA,2025-12-02,14.4,2.48,Yes
Istanbul,2025-12-02,12.0,1.25,Yes
Beirut,2025-12-03,17.5,0.77,Yes
Paris,2025-12-03,4.4,2.57,Yes
Riyadh,2025-12-03,17.2,0.23,Yes
Cairo,2025-12-03,18.3,0.0,No
LA,2025-12-03,14.4,1.17,Yes
Istanbul,2025-12-03,12.2,1.11,Yes
Beirut,2025-12-04,17.1,4.42,Yes
Paris,2025-12-04,5.1,2.74,Yes
Riyadh,2025-12-04,17.2,0.01,Yes
Cairo,2025-12-04,17.9,0.0,No
LA,2025-12-04,14.1,1.71,Yes
Istanbul,2025-12-04,10.9,3.57,Yes
Beirut,2025-12-05,16.3,3.42,Yes
Paris,2025-12-05,5.0,1.63,Yes
Riyadh,2025-12-05,17.8,0.01,Yes
Cairo,2025-12-05,17.1,0.18,Yes
LA,2025-12-05,14.0,1.01,Yes
Istanbul,2025-12-05,10.4,1.88,Yes
Beirut,2025-12-06,15.4,4.64,Yes
Paris,2025-12-06,5.6,1.08,Yes
Riyadh,2025-12-06,18.5,0.05,Yes
Cairo,2025-12-06,16.8,0.01,Yes
LA,2025-12-06,14.1,2.82,Yes
Istanbul,2025-12-06,10.6,1.95,Yes
Beirut,2025-12-07,15.5,3.29,Yes
Paris,2025-12-07,5.5,3.38,Yes
Riyadh,2025-12-07,17.4,0.13,Yes
Cairo,2025-12-07,16.9,0.04,Yes
LA,2025-12-07,14.2,1.91,Yes
Istanbul,2025-12-07,10.1,2.29,Yes
Beirut,2025-12-08,15.7,4.93,Yes
Paris,2025-12-08,5.3,2.82,Yes
Riyadh,2025-12-08,16.5,0.51,Yes
Cairo,2025-12-08,16.5,0.0,No
LA,2025-12-08,14.0,0.66,Yes
Istanbul,2025-12-08,10.1,1.66,Yes
Beirut,2025-12-09,15.4,4.12,Yes
Paris,2025-12-09,5.1,2.46,Yes
Riyadh,2025-12-09,16.6,0.0,No
Cairo,2025-12-09,16.3,0.01,Yes
LA,2025-12-09,14.0,0.3,Yes
Istanbul,2025-12-09,11.2,1.93,Yes
Beirut,2025-12-10,15.1,1.5,Yes
Paris,2025-12-10,5.2,2.58,Yes
Riyadh,2025-12-10,16.1,1.08,Yes
Cairo,2025-12-10,16.4,0.08,Yes
LA,2025-12-10,14.0,0.26,Yes
Istanbul,2025-12-10,10.8,6.79,Yes
Beirut,2025-12-11,15.6,7.85,Yes
Paris,2025-12-11,5.3,2.46,Yes
Riyadh,2025-12-11,16.2,0.04,Yes
Cairo,2025-12-11,16.6,0.0,No
LA,2025-12-11,14.1,1.86,Yes
Istanbul,2025-12-11,10.4,4.77,Yes
Beirut,2025-12-12,15.5,6.81,Yes
Paris,2025-12-12,4.7,1.99,Yes
Riyadh,2025-12-12,16.2,0.0,No
Cairo,2025-12-12,15.8,0.23,Yes
LA,2025-12-12,13.6,6.1,Yes
Istanbul,2025-12-12,10.0,3.17,Yes
Beirut,2025-12-13,15.0,5.59,Yes
Paris,2025-12-13,4.2,3.67,Yes
Riyadh,2025-12-13,17.0,0.0,No
Cairo,2025-12-13,15.6,0.19,Yes
LA,2025-12-13,13.4,0.68,Yes
Istanbul,2025-12-13,9.1,3.92,Yes
Beirut,2025-12-14,14.6,4.9,Yes
Paris,2025-12-14,4.5,2.24,Yes
Riyadh,2025-12-14,16.3,0.04,Yes
Cairo,2025-12-14,15.5,0.05,Yes
LA,2025-12-14,13.1,2.68,Yes
Istanbul,2025-12-14,9.3,0.38,Yes
Beirut,2025-12-15,14.5,0.78,Yes
Paris,2025-12-15,4.6,3.29,Yes
Riyadh,2025-12-15,15.0,0.46,Yes
Cairo,2025-12-15,15.4,0.21,Yes
LA,2025-12-15,13.1,0.38,Yes
Istanbul,2025-12-15,9.7,3.22,Yes
Beirut,2025-12-16,14.9,3.47,Yes
Paris,2025-12-16,5.6,3.52,Yes
Riyadh,2025-12-16,14.7,0.72,Yes
Cairo,2025-12-16,15.8,0.05,Yes
LA,2025-12-16,13.4,1.95,Yes
Istanbul,2025-12-16,9.5,3.57,Yes
Beirut,2025-12-17,15.0,5.93,Yes
Paris,2025-12-17,5.2,2.06,Yes
Riyadh,2025-12-17,15.1,0.06,Yes
Cairo,2025-12-17,15.9,0.0,No
LA,2025-12-17,13.4,1.26,Yes
Istanbul,2025-12-17,9.5,4.34,Yes
Beirut,2025-12-18,15.1,4.67,Yes
Paris,2025-12-18,5.4,1.54,Yes
Riyadh,2025-12-18,15.4,0.0,No
Cairo,2025-12-18,16.0,0.0,No
LA,2025-12-18,13.5,1.88,Yes
Istanbul,2025-12-18,9.5,2.6,Yes
Beirut,2025-12-19,15.1,1.09,Yes
Paris,2025-12-19,5.9,3.0,Yes
Riyadh,2025-12-19,15.3,0.22,Yes
Cairo,2025-12-19,15.9,0.02,Yes
LA,2025-12-19,13.1,5.82,Yes
Istanbul,2025-12-19,8.7,5.56,Yes
Beirut,2025-12-20,14.8,5.14,Yes
Paris,2025-12-20,5.9,3.44,Yes
Riyadh,2025-12-20,15.6,0.0,No
Cairo,2025-12-20,15.5,0.17,Yes
LA,2025-12-20,13.1,4.49,Yes
Istanbul,2025-12-20,8.8,2.62,Yes
Beirut,2025-12-21,15.1,3.79,Yes
Paris,2025-12-21,6.6,3.62,Yes
Riyadh,2025-12-21,15.2,0.0,No
Cairo,2025-12-21,15.6,0.01,Yes
LA,2025-12-21,13.2,2.83,Yes
Istanbul,2025-12-21,8.6,3.31,Yes
Beirut,2025-12-22,14.7,7.77,Yes
Paris,2025-12-22,7.7,5.07,Yes
Riyadh,2025-12-22,14.9,0.0,No
Cairo,2025-12-22,15.6,0.11,Yes
LA,2025-12-22,13.1,5.33,Yes
Istanbul,2025-12-22,8.4,2.17,Yes
Beirut,2025-12-23,14.8,2.94,Yes
Paris,2025-12-23,7.7,3.56,Yes
Riyadh,2025-12-23,15.3,0.08,Yes
Cairo,2025-12-23,15.0,0.11,Yes
LA,2025-12-23,13.1,6.26,Yes
Istanbul,2025-12-23,9.1,2.91,Yes
Beirut,2025-12-24,14.4,4.8,Yes
Paris,2025-12-24,7.4,3.76,Yes
Riyadh,2025-12-24,16.1,0.66,Yes
Cairo,2025-12-24,14.7,0.03,Yes
LA,2025-12-24,13.3,2.26,Yes
Istanbul,2025-12-24,9.5,0.9,Yes
Beirut,2025-12-25,14.0,5.06,Yes
Paris,2025-12-25,6.6,1.25,Yes
Riyadh,2025-12-25,15.9,1.08,Yes
Cairo,2025-12-25,15.0,0.03,Yes
LA,2025-12-25,12.7,1.75,Yes
Istanbul,2025-12-25,10.1,1.93,Yes
Beirut,2025-12-26,14.3,5.6,Yes
Paris,2025-12-26,5.9,1.79,Yes
Riyadh,2025-12-26,15.0,0.12,Yes
Cairo,2025-12-26,15.2,0.0,No
LA,2025-12-26,12.4,2.45,Yes
Istanbul,2025-12-26,10.2,2.37,Yes
Beirut,2025-12-27,14.2,7.74,Yes
Paris,2025-12-27,5.5,3.48,Yes
Riyadh,2025-12-27,14.5,0.0,No
Cairo,2025-12-27,15.0,0.01,Yes
LA,2025-12-27,12.0,0.55,Yes
Istanbul,2025-12-27,10.0,2.86,Yes
Beirut,2025-12-28,14.4,2.14,Yes
Paris,2025-12-28,4.7,2.43,Yes
Riyadh,2025-12-28,14.8,0.0,No
Cairo,2025-12-28,14.8,0.04,Yes
LA,2025-12-28,12.3,1.28,Yes
Istanbul,2025-12-28,9.3,2.08,Yes
Beirut,2025-12-29,14.6,3.12,Yes
Paris,2025-12-29,5.6,2.11,Yes
Riyadh,2025-12-29,14.8,0.01,Yes
Cairo,2025-12-29,14.9,0.02,Yes
LA,2025-12-29,12.1,2.48,Yes
Istanbul,2025-12-29,8.7,3.97,Yes
Beirut,2025-12-30,14.2,2.82,Yes
Paris,2025-12-30,6.2,2.1,Yes
Riyadh,2025-12-30,15.5,0.93,Yes
Cairo,2025-12-30,14.7,0.02,Yes
LA,2025-12-30,11.8,4.44,Yes
Istanbul,2025-12-30,8.1,3.04,Yes
Beirut,2025-12-31,13.8,3.96,Yes
Paris,2025-12-31,6.5,2.32,Yes
Riyadh,2025-12-31,16.1,0.45,Yes
Cairo,2025-12-31,14.6,0.32,Yes
LA,2025-12-31,11.7,2.51,Yes
Istanbul,2025-12-31,7.9,3.13,Yes
Beirut,2025-01-01,13.0,0.0,No
Beirut,2025-01-02,13.0,0.0,No
Beirut,2025-01-03,13.0,0.0,No
Beirut,2025-01-04,14.1,0.0,No
Beirut,2025-01-05,15.9,0.0,No
Beirut,2025-01-06,15.7,0.0,No
Beirut,2025-01-07,14.6,0.0,No
Beirut,2025-01-08,14.8,0.0,No
Beirut,2025-01-09,15.1,0.0,No
Beirut,2025-01-10,16.2,1.9,Yes
Beirut,2025-01-11,15.0,0.6,Yes
Beirut,2025-01-12,15.3,0.0,No
Beirut,2025-01-13,16.1,0.0,No
Beirut,2025-01-14,16.5,0.0,No
Beirut,2025-01-15,16.7,0.0,No
Beirut,2025-01-16,16.6,0.0,No
Beirut,2025-01-17,15.5,0.1,Yes
Beirut,2025-01-18,15.1,0.0,No
Beirut,2025-01-19,14.7,0.0,No
Beirut,2025-01-20,15.3,0.2,Yes
Beirut,2025-01-21,15.2,0.0,No
Beirut,2025-01-22,15.3,0.5,Yes
Beirut,2025-01-23,14.7,1.1,Yes
Beirut,2025-01-24,13.8,0.9,Yes
Beirut,2025-01-25,14.0,0.7,Yes
Beirut,2025-01-26,15.6,4.1,Yes
Beirut,2025-01-27,15.9,0.0,No
Beirut,2025-01-28,14.2,0.0,No
Beirut,2025-01-29,15.1,0.0,No
Beirut,2025-01-30,15.9,0.0,No
Beirut,2025-01-31,14.3,2.18,Yes
Beirut,2025-02-01,14.6,0.0,No
Paris,2025-01-01,6.0,0.1,Yes
Paris,2025-01-02,4.0,22.8,Yes
Paris,2025-01-03,1.1,0.0,No
Paris,2025-01-04,0.3,5.6,Yes
Paris,2025-01-05,10.0,15.2,Yes
Paris,2025-01-06,9.4,3.5,Yes
Paris,2025-01-07,5.5,4.5,Yes
Paris,2025-01-08,5.8,15.6,Yes
Paris,2025-01-09,5.6,7.4,Yes
Paris,2025-01-10,2.7,4.31,Yes
Paris,2025-01-11,1.5,0.0,No
Paris,2025-01-12,2.3,0.0,No
Paris,2025-01-13,0.9,0.0,No
Paris,2025-01-14,-0.1,0.0,No
Paris,2025-01-15,3.4,0.2,Yes
Paris,2025-01-16,3.4,0.0,No
Paris,2025-01-17,1.7,0.0,No
Paris,2025-01-18,1.6,0.0,No
Paris,2025-01-19,0.7,0.0,No
Paris,2025-01-20,1.4,0.0,No
Paris,2025-01-21,2.0,0.0,No
Paris,2025-01-22,6.0,16.0,Yes
Paris,2025-01-23,6.7,1.5,Yes
Paris,2025-01-24,9.0,5.7,Yes
Paris,2025-01-25,9.1,8.7,Yes
Paris,2025-01-26,5.1,3.6,Yes
Paris,2025-01-27,9.0,3.6,Yes
Paris,2025-01-28,7.6,5.5,Yes
Paris,2025-01-29,7.5,9.0,Yes
Paris,2025-01-30,6.3,2.4,Yes
Paris,2025-01-31,3.1,1.8,Yes
Paris,2025-02-01,3.1,0.0,No
Riyadh,2025-01-01,12.8,0.0,No
Riyadh,2025-01-02,11.4,0.0,No
Riyadh,2025-01-03,10.5,0.0,No
Riyadh,2025-01-04,11.3,0.0,No
Riyadh,2025-01-05,13.1,0.0,No
Riyadh,2025-01-06,14.5,0.0,No
Riyadh,2025-01-07,15.3,1.5,Yes
Riyadh,2025-01-08,12.9,0.0,No
Riyadh,2025-01-09,13.0,0.0,No
Riyadh,2025-01-10,13.9,0.0,No
Riyadh,2025-01-11,15.9,0.0,No
Riyadh,2025-01-12,15.5,0.7,Yes
Riyadh,2025-01-13,13.7,0.0,No
Riyadh,2025-01-14,13.5,0.0,No
Riyadh,2025-01-15,14.2,0.0,No
Riyadh,2025-01-16,16.7,0.0,No
Riyadh,2025-01-17,18.0,0.0,No
Riyadh,2025-01-18,14.9,0.0,No
Riyadh,2025-01-19,15.1,0.0,No
Riyadh,2025-01-20,15.1,0.0,No
Riyadh,2025-01-21,15.4,0.0,No
Riyadh,2025-01-22,12.6,0.0,No
Riyadh,2025-01-23,13.9,0.0,No
Riyadh,2025-01-24,15.5,0.0,No
Riyadh,2025-01-25,17.5,0.3,Yes
Riyadh,2025-01-26,17.1,2.6,Yes
Riyadh,2025-01-27,15.3,0.4,Yes
Riyadh,2025-01-28,15.3,0.0,No
Riyadh,2025-01-29,15.3,0.0,No
Riyadh,2025-01-30,14.3,0.0,No
Riyadh,2025-01-31,13.2,0.0,No
Riyadh,2025-02-01,14.6,0.0,No
Cairo,2025-01-01,14.3,0.0,No
Cairo,2025-01-02,14.8,0.0,No
Cairo,2025-01-03,14.9,0.0,No
Cairo,2025-01-04,16.2,0.0,No
Cairo,2025-01-05,16.1,0.0,No
Cairo,2025-01-06,16.0,0.0,No
Cairo,2025-01-07,15.6,0.0,No
Cairo,2025-01-08,15.6,0.0,No
Cairo,2025-01-09,16.1,0.0,No
Cairo,2025-01-10,15.4,0.3,Yes
Cairo,2025-01-11,15.5,0.5,Yes
Cairo,2025-01-12,16.1,0.0,No
Cairo,2025-01-13,17.1,0.0,No
Cairo,2025-01-14,16.9,0.0,No
Cairo,2025-01-15,17.3,0.0,No
Cairo,2025-01-16,17.3,0.0,No
Cairo,2025-01-17,16.7,0.1,Yes
Cairo,2025-01-18,16.3,0.0,No
Cairo,2025-01-19,15.4,0.0,No
Cairo,2025-01-20,16.5,0.0,No
Cairo,2025-01-21,17.1,1.3,Yes
Cairo,2025-01-22,16.9,3.0,Yes
Cairo,2025-01-23,15.8,0.0,No
Cairo,2025-01-24,15.7,0.0,No
Cairo,2025-01-25,16.1,0.0,No
Cairo,2025-01-26,16.2,0.0,No
Cairo,2025-01-27,15.7,0.0,No
Cairo,2025-01-28,15.9,0.0,No
Cairo,2025-01-29,15.8,0.0,No
Cairo,2025-01-30,16.2,0.0,No
Cairo,2025-01-31,15.5,0.0,No
Cairo,2025-02-01,15.7,0.0,No
LA,2025-01-01,13.5,0.0,No
LA,2025-01-02,15.2,0.0,No
LA,2025-01-03,13.0,0.0,No
LA,2025-01-04,12.4,0.0,No
LA,2025-01-05,15.2,0.0,No
LA,2025-01-06,15.7,0.0,No
LA,2025-01-07,14.8,0.0,No
LA,2025-01-08,15.7,0.0,No
LA,2025-01-09,15.3,0.0,No
LA,2025-01-10,13.9,0.0,No
LA,2025-01-11,14.2,0.0,No
LA,2025-01-12,12.8,0.0,No
LA,2025-01-13,12.4,0.0,No
LA,2025-01-14,12.3,0.0,No
LA,2025-01-15,13.5,0.0,No
LA,2025-01-16,12.9,0.0,No
LA,2025-01-17,10.0,0.0,No
LA,2025-01-18,10.8,0.0,No
LA,2025-01-19,10.9,0.0,No
LA,2025-01-20,12.9,0.0,No
LA,2025-01-21,12.0,0.0,No
LA,2025-01-22,15.0,0.0,No
LA,2025-01-23,16.5,0.0,No
LA,2025-01-24,14.3,0.0,No
LA,2025-01-25,11.8,5.9,Yes
LA,2025-01-26,9.7,7.2,Yes
LA,2025-01-27,9.5,6.59,Yes
LA,2025-01-28,9.8,0.0,No
LA,2025-01-29,10.1,0.0,No
LA,2025-01-30,10.5,0.0,No
LA,2025-01-31,11.7,0.0,No
LA,2025-02-01,12.4,0.0,No
Istanbul,2025-01-01,8.5,0.0,No
Istanbul,2025-01-02,9.6,0.0,No
Istanbul,2025-01-03,11.7,0.0,No
Istanbul,2025-01-04,9.4,17.4,Yes
Istanbul,2025-01-05,8.4,0.2,Yes
Istanbul,2025-01-06,9.3,0.0,No
Istanbul,2025-01-07,11.0,0.0,No
Istanbul,2025-01-08,12.2,0.0,No
Istanbul,2025-01-09,12.2,0.0,No
Istanbul,2025-01-10,11.7,0.0,No
Istanbul,2025-01-11,9.9,8.5,Yes
Istanbul,2025-01-12,8.3,8.11,Yes
Istanbul,2025-01-13,5.9,23.0,Yes
Istanbul,2025-01-14,6.2,3.68,Yes
Istanbul,2025-01-15,7.2,13.2,Yes
Istanbul,2025-01-16,6.5,0.6,Yes
Istanbul,2025-01-17,6.0,0.0,No
Istanbul,2025-01-18,6.5,0.0,No
Istanbul,2025-01-19,7.8,0.0,No
Istanbul,2025-01-20,7.8,0.0,No
Istanbul,2025-01-21,8.3,0.7,Yes
Istanbul,2025-01-22,9.8,1.4,Yes
Istanbul,2025-01-23,9.3,0.0,No
Istanbul,2025-01-24,10.5,0.0,No
Istanbul,2025-01-25,8.6,18.05,Yes
Istanbul,2025-01-26,8.4,0.0,No
Istanbul,2025-01-27,9.3,0.0,No
Istanbul,2025-01-28,10.5,0.0,No
Istanbul,2025-01-29,11.5,0.0,No
Istanbul,2025-01-30,12.1,0.0,No
Istanbul,2025-01-31,11.8,0.0,No
Istanbul,2025-02-01,9.9,0.0,No
Beirut,2025-02-01,14.6,0.0,No
Beirut,2025-02-02,14.5,0.0,No
Beirut,2025-02-03,15.4,0.0,No
Beirut,2025-02-04,14.7,0.0,No
Beirut,2025-02-05,13.2,31.9,Yes
Beirut,2025-02-06,9.9,34.4,Yes
Beirut,2025-02-07,10.4,2.1,Yes
Beirut,2025-02-08,10.6,0.0,No
Beirut,2025-02-09,10.7,7.4,Yes
Beirut,2025-02-10,11.3,4.6,Yes
Beirut,2025-02-11,11.6,5.4,Yes
Beirut,2025-02-12,11.1,15.1,Yes
Beirut,2025-02-13,11.7,6.0,Yes
Beirut,2025-02-14,11.9,0.0,No
Beirut,2025-02-15,12.8,0.1,Yes
Beirut,2025-02-16,14.5,0.9,Yes
Beirut,2025-02-17,13.6,2.5,Yes
Beirut,2025-02-18,14.0,0.0,No
Beirut,2025-02-19,14.9,1.9,Yes
Beirut,2025-02-20,12.6,12.0,Yes
Beirut,2025-02-21,10.5,3.0,Yes
Beirut,2025-02-22,8.3,3.2,Yes
Beirut,2025-02-23,6.8,0.5,Yes
Beirut,2025-02-24,6.8,0.6,Yes
Beirut,2025-02-25,8.0,0.0,No
Beirut,2025-02-26,9.8,0.0,No
Beirut,2025-02-27,11.7,0.0,No
Beirut,2025-02-28,12.0,0.04,Yes
Beirut,2025-03-01,13.1,3.2,Yes
Beirut,2025-03-02,13.4,0.0,No
Beirut,2025-03-03,14.5,0.0,No
Beirut,2025-03-04,15.8,0.0,No
Paris,2025-02-01,3.1,0.0,No
Paris,2025-02-02,2.3,0.0,No
Paris,2025-02-03,2.2,0.0,No
Paris,2025-02-04,2.5,0.0,No
Paris,2025-02-05,5.4,0.0,No
Paris,2025-02-06,4.4,0.2,Yes
Paris,2025-02-07,3.2,0.7,Yes
Paris,2025-02-08,6.1,1.7,Yes
Paris,2025-02-09,5.4,5.3,Yes
Paris,2025-02-10,4.8,7.7,Yes
Paris,2025-02-11,4.9,0.0,No
Paris,2025-02-12,4.4,0.2,Yes
Paris,2025-02-13,4.9,0.1,Yes
Paris,2025-02-14,2.3,0.0,No
Paris,2025-02-15,2.1,0.0,No
Paris,2025-02-16,3.2,0.0,No
Paris,2025-02-17,3.2,0.0,No
Paris,2025-02-18,3.2,0.0,No
Paris,2025-02-19,5.7,0.0,No
Paris,2025-02-20,9.7,0.7,Yes
Paris,2025-02-21,12.3,0.1,Yes
Paris,2025-02-22,10.7,4.0,Yes
Paris,2025-02-23,9.2,0.0,No
Paris,2025-02-24,10.5,3.0,Yes
Paris,2025-02-25,8.1,18.3,Yes
Paris,2025-02-26,7.3,5.9,Yes
Paris,2025-02-27,6.1,0.8,Yes
Paris,2025-02-28,6.5,0.42,Yes
Paris,2025-03-01,4.8,0.1,Yes
Paris,2025-03-02,5.3,0.0,No
Paris,2025-03-03,5.4,0.0,No
Paris,2025-03-04,6.3,0.0,No
Riyadh,2025-02-01,14.6,0.0,No
Riyadh,2025-02-02,14.5,0.0,No
Riyadh,2025-02-03,13.7,0.0,No
Riyadh,2025-02-04,16.2,0.0,No
Riyadh,2025-02-05,18.9,0.0,No
Riyadh,2025-02-06,22.8,0.0,No
Riyadh,2025-02-07,17.3,0.0,No
Riyadh,2025-02-08,14.7,0.0,No
Riyadh,2025-02-09,13.9,0.0,No
Riyadh,2025-02-10,14.9,0.0,No
Riyadh,2025-02-11,17.6,0.0,No
Riyadh,2025-02-12,20.1,0.0,No
Riyadh,2025-02-13,19.6,9.1,Yes
Riyadh,2025-02-14,18.6,2.4,Yes
Riyadh,2025-02-15,14.3,11.8,Yes
Riyadh,2025-02-16,16.2,1.8,Yes
Riyadh,2025-02-17,18.6,0.5,Yes
Riyadh,2025-02-18,15.9,1.2,Yes
Riyadh,2025-02-19,15.8,3.7,Yes
Riyadh,2025-02-20,19.0,1.0,Yes
Riyadh,2025-02-21,17.9,0.0,No
Riyadh,2025-02-22,20.6,0.0,No
Riyadh,2025-02-23,19.1,0.0,No
Riyadh,2025-02-24,16.3,0.2,Yes
Riyadh,2025-02-25,10.7,0.0,No
Riyadh,2025-02-26,12.1,0.0,No
Riyadh,2025-02-27,14.0,0.0,No
Riyadh,2025-02-28,14.1,0.0,No
Riyadh,2025-03-01,18.0,0.0,No
Riyadh,2025-03-02,15.4,0.0,No
Riyadh,2025-03-03,15.3,0.0,No
Riyadh,2025-03-04,16.4,2.2,Yes
Cairo,2025-02-01,15.7,0.0,No
Cairo,2025-02-02,16.3,0.0,No
Cairo,2025-02-03,17.2,0.0,No
Cairo,2025-02-04,17.0,0.0,No
Cairo,2025-02-05,15.2,0.0,No
Cairo,2025-02-06,13.5,0.0,No
Cairo,2025-02-07,14.2,0.0,No
Cairo,2025-02-08,13.9,0.0,No
Cairo,2025-02-09,13.2,0.2,Yes
Cairo,2025-02-10,13.6,0.1,Yes
Cairo,2025-02-11,13.5,0.0,No
Cairo,2025-02-12,13.2,0.0,No
Cairo,2025-02-13,12.9,0.0,No
Cairo,2025-02-14,13.4,0.0,No
Cairo,2025-02-15,14.7,0.0,No
Cairo,2025-02-16,14.8,0.0,No
Cairo,2025-02-17,16.4,0.0,No
Cairo,2025-02-18,17.3,0.0,No
Cairo,2025-02-19,16.8,0.0,No
Cairo,2025-02-20,14.8,0.3,Yes
Cairo,2025-02-21,13.3,0.0,No
Cairo,2025-02-22,12.8,0.0,No
Cairo,2025-02-23,11.8,0.0,No
Cairo,2025-02-24,12.0,0.0,No
Cairo,2025-02-25,11.3,0.0,No
Cairo,2025-02-26,13.4,0.2,Yes
Cairo,2025-02-27,14.4,0.0,No
Cairo,2025-02-28,14.9,0.0,No
Cairo,2025-03-01,16.0,0.0,No
Cairo,2025-03-02,16.1,0.0,No
Cairo,2025-03-03,17.0,0.0,No
Cairo,2025-03-04,16.4,0.0,No
LA,2025-02-01,12.4,0.0,No
LA,2025-02-02,14.5,0.0,No
LA,2025-02-03,13.7,0.0,No
LA,2025-02-04,12.6,0.6,Yes
LA,2025-02-05,12.3,8.9,Yes
LA,2025-02-06,13.6,6.2,Yes
LA,2025-02-07,12.9,11.9,Yes
LA,2025-02-08,12.1,0.0,No
LA,2025-02-09,12.6,0.1,Yes
LA,2025-02-10,11.8,0.0,No
LA,2025-02-11,10.6,0.0,No
LA,2025-02-12,10.1,4.5,Yes
LA,2025-02-13,12.4,39.96,Yes
LA,2025-02-14,12.8,2.1,Yes
LA,2025-02-15,11.7,0.0,No
LA,2025-02-16,13.6,0.0,No
LA,2025-02-17,12.8,0.0,No
LA,2025-02-18,12.0,0.0,No
LA,2025-02-19,13.3,0.0,No
LA,2025-02-20,14.9,0.0,No
LA,2025-02-21,15.6,0.0,No
LA,2025-02-22,15.4,0.0,No
LA,2025-02-23,15.9,0.0,No
LA,2025-02-24,15.4,0.0,No
LA,2025-02-25,15.1,0.0,No
LA,2025-02-26,16.6,0.0,No
LA,2025-02-27,17.6,0.0,No
LA,2025-02-28,15.2,0.0,No
LA,2025-03-01,12.5,1.1,Yes
LA,2025-03-02,11.5,0.7,Yes
LA,2025-03-03,12.7,0.0,No
LA,2025-03-04,12.2,0.0,No
Istanbul,2025-02-01,9.9,0.0,No
Istanbul,2025-02-02,10.0,0.0,No
Istanbul,2025-02-03,8.7,0.0,No
Istanbul,2025-02-04,7.2,0.0,No
Istanbul,2025-02-05,4.8,1.4,Yes
Istanbul,2025-02-06,4.5,3.0,Yes
Istanbul,2025-02-07,5.2,6.4,Yes
Istanbul,2025-02-08,5.9,3.4,Yes
Istanbul,2025-02-09,5.3,0.9,Yes
Istanbul,2025-02-10,4.6,0.7,Yes
Istanbul,2025-02-11,4.0,7.2,Yes
Istanbul,2025-02-12,3.8,3.5,Yes
Istanbul,2025-02-13,4.9,0.0,No
Istanbul,2025-02-14,7.4,0.0,No
Istanbul,2025-02-15,8.5,2.6,Yes
Istanbul,2025-02-16,8.3,1.6,Yes
Istanbul,2025-02-17,6.9,15.7,Yes
Istanbul,2025-02-18,5.0,0.8,Yes
Istanbul,2025-02-19,4.6,4.3,Yes
Istanbul,2025-02-20,3.4,2.3,Yes
Istanbul,2025-02-21,2.1,2.8,Yes
Istanbul,2025-02-22,1.7,4.8,Yes
Istanbul,2025-02-23,1.7,0.2,Yes
Istanbul,2025-02-24,2.5,0.0,No
Istanbul,2025-02-25,4.4,0.0,No
Istanbul,2025-02-26,6.7,0.0,No
Istanbul,2025-02-27,8.8,0.0,No
Istanbul,2025-02-28,8.9,0.93,Yes
Istanbul,2025-03-01,7.9,0.0,No
Istanbul,2025-03-02,7.5,2.6,Yes
Istanbul,2025-03-03,6.1,1.8,Yes
Istanbul,2025-03-04,6.0,0.0,No
Beirut,2025-03-04,15.8,0.0,No
Beirut,2025-03-05,15.9,12.05,Yes
Beirut,2025-03-06,15.3,0.1,Yes
Beirut,2025-03-07,15.9,3.7,Yes
Beirut,2025-03-08,16.3,0.0,No
Beirut,2025-03-09,15.9,0.0,No
Beirut,2025-03-10,16.0,0.3,Yes
Beirut,2025-03-11,16.2,0.0,No
Beirut,2025-03-12,18.9,0.0,No
Beirut,2025-03-13,21.2,0.0,No
Beirut,2025-03-14,22.4,0.0,No
Beirut,2025-03-15,21.9,0.0,No
Beirut,2025-03-16,23.4,0.0,No
Beirut,2025-03-17,23.3,0.0,No
Beirut,2025-03-18,21.5,0.3,Yes
Beirut,2025-03-19,16.7,15.13,Yes
Beirut,2025-03-20,11.6,34.9,Yes
Beirut,2025-03-21,10.2,5.7,Yes
Beirut,2025-03-22,11.9,0.0,No
Beirut,2025-03-23,13.1,0.0,No
Beirut,2025-03-24,14.7,0.0,No
Beirut,2025-03-25,16.7,0.0,No
Beirut,2025-03-26,19.0,0.0,No
Beirut,2025-03-27,21.4,0.0,No
Beirut,2025-03-28,22.9,0.0,No
Beirut,2025-03-29,17.2,2.2,Yes
Beirut,2025-03-30,16.0,0.03,Yes
Beirut,2025-03-31,18.2,0.0,No
Beirut,2025-04-01,21.9,7.0,Yes
Beirut,2025-04-02,19.4,0.0,No
Beirut,2025-04-03,18.1,0.0,No
Beirut,2025-04-04,16.2,0.2,Yes
Paris,2025-03-04,6.3,0.0,No
Paris,2025-03-05,7.6,0.0,No
Paris,2025-03-06,9.9,0.0,No
Paris,2025-03-07,11.2,0.0,No
Paris,2025-03-08,12.0,0.0,No
Paris,2025-03-09,12.9,0.3,Yes
Paris,2025-03-10,10.8,3.7,Yes
Paris,2025-03-11,7.3,0.0,No
Paris,2025-03-12,5.4,1.8,Yes
Paris,2025-03-13,5.4,0.7,Yes
Paris,2025-03-14,4.1,1.1,Yes
Paris,2025-03-15,4.0,0.2,Yes
Paris,2025-03-16,5.7,0.0,No
Paris,2025-03-17,6.4,0.0,No
Paris,2025-03-18,6.7,0.0,No
Paris,2025-03-19,10.3,0.0,No
Paris,2025-03-20,12.1,0.0,No
Paris,2025-03-21,14.2,1.6,Yes
Paris,2025-03-22,13.0,4.8,Yes
Paris,2025-03-23,11.0,1.7,Yes
Paris,2025-03-24,11.5,0.2,Yes
Paris,2025-03-25,11.3,0.0,No
Paris,2025-03-26,11.3,0.5,Yes
Paris,2025-03-27,10.2,0.0,No
Paris,2025-03-28,8.8,2.3,Yes
Paris,2025-03-29,8.9,0.2,Yes
Paris,2025-03-30,10.2,0.01,Yes
Paris,2025-03-31,10.4,0.0,No
Paris,2025-04-01,9.7,0.0,No
Paris,2025-04-02,10.4,0.0,No
Paris,2025-04-03,13.8,0.2,Yes
Paris,2025-04-04,15.6,0.2,Yes
Riyadh,2025-03-04,16.4,2.2,Yes
Riyadh,2025-03-05,20.8,0.0,No
Riyadh,2025-03-06,23.4,0.9,Yes
Riyadh,2025-03-07,23.9,2.1,Yes
Riyadh,2025-03-08,21.5,3.0,Yes
Riyadh,2025-03-09,21.2,0.0,No
Riyadh,2025-03-10,21.2,0.1,Yes
Riyadh,2025-03-11,21.3,0.0,No
Riyadh,2025-03-12,20.8,0.0,No
Riyadh,2025-03-13,21.3,0.1,Yes
Riyadh,2025-03-14,22.0,0.0,No
Riyadh,2025-03-15,22.4,0.0,No
Riyadh,2025-03-16,20.9,1.1,Yes
Riyadh,2025-03-17,22.6,0.0,No
Riyadh,2025-03-18,25.0,0.0,No
Riyadh,2025-03-19,27.0,0.0,No
Riyadh,2025-03-20,28.4,0.4,Yes
Riyadh,2025-03-21,23.8,4.0,Yes
Riyadh,2025-03-22,23.6,6.6,Yes
Riyadh,2025-03-23,19.1,0.0,No
Riyadh,2025-03-24,17.8,0.0,No
Riyadh,2025-03-25,18.3,0.0,No
Riyadh,2025-03-26,19.8,0.0,No
Riyadh,2025-03-27,22.1,0.0,No
Riyadh,2025-03-28,24.1,0.0,No
Riyadh,2025-03-29,25.7,0.0,No
Riyadh,2025-03-30,26.5,0.0,No
Riyadh,2025-03-31,27.5,0.0,No
Riyadh,2025-04-01,29.5,0.0,No
Riyadh,2025-04-02,31.4,0.0,No
Riyadh,2025-04-03,31.8,0.0,No
Riyadh,2025-04-04,31.4,0.0,No
Cairo,2025-03-04,16.4,0.0,No
Cairo,2025-03-05,15.8,0.4,Yes
Cairo,2025-03-06,15.9,0.2,Yes
Cairo,2025-03-07,16.7,0.0,No
Cairo,2025-03-08,17.3,0.0,No
Cairo,2025-03-09,17.8,0.0,No
Cairo,2025-03-10,19.5,0.0,No
Cairo,2025-03-11,19.9,0.0,No
Cairo,2025-03-12,21.0,0.0,No
Cairo,2025-03-13,23.0,0.0,No
Cairo,2025-03-14,24.7,0.0,No
Cairo,2025-03-15,23.5,0.0,No
Cairo,2025-03-16,25.4,0.0,No
Cairo,2025-03-17,26.6,0.0,No
Cairo,2025-03-18,22.0,0.0,No
Cairo,2025-03-19,18.3,0.0,No
Cairo,2025-03-20,15.1,0.1,Yes
Cairo,2025-03-21,14.8,0.0,No
Cairo,2025-03-22,15.5,0.2,Yes
Cairo,2025-03-23,15.8,0.0,No
Cairo,2025-03-24,18.5,0.0,No
Cairo,2025-03-25,21.8,0.0,No
Cairo,2025-03-26,24.9,0.0,No
Cairo,2025-03-27,27.6,0.0,No
Cairo,2025-03-28,25.8,0.0,No
Cairo,2025-03-29,19.7,0.0,No
Cairo,2025-03-30,21.0,0.0,No
Cairo,2025-03-31,25.1,0.0,No
Cairo,2025-04-01,23.3,0.3,Yes
Cairo,2025-04-02,22.5,0.0,No
Cairo,2025-04-03,21.6,0.0,No
Cairo,2025-04-04,19.9,0.0,No
LA,2025-03-04,12.2,0.0,No
LA,2025-03-05,10.8,14.4,Yes
LA,2025-03-06,9.4,10.12,Yes
LA,2025-03-07,10.8,0.0,No
LA,2025-03-08,11.4,0.0,No
LA,2025-03-09,13.1,0.0,No
LA,2025-03-10,13.2,0.0,No
LA,2025-03-11,11.5,8.2,Yes
LA,2025-03-12,12.4,3.4,Yes
LA,2025-03-13,10.1,26.18,Yes
LA,2025-03-14,7.0,3.3,Yes
LA,2025-03-15,10.9,0.1,Yes
LA,2025-03-16,11.7,0.0,No
LA,2025-03-17,11.6,0.3,Yes
LA,2025-03-18,12.0,0.0,No
LA,2025-03-19,15.0,0.0,No
LA,2025-03-20,15.6,0.0,No
LA,2025-03-21,15.0,0.0,No
LA,2025-03-22,14.8,0.0,No
LA,2025-03-23,15.4,0.0,No
LA,2025-03-24,17.7,0.0,No
LA,2025-03-25,16.4,0.0,No
LA,2025-03-26,13.5,0.0,No
LA,2025-03-27,13.7,0.0,No
LA,2025-03-28,14.5,0.0,No
LA,2025-03-29,14.5,0.0,No
LA,2025-03-30,12.0,0.0,No
LA,2025-03-31,13.3,0.0,No
LA,2025-04-01,13.3,0.0,No
LA,2025-04-02,13.6,0.2,Yes
LA,2025-04-03,13.2,0.5,Yes
LA,2025-04-04,14.6,0.0,No
Istanbul,2025-03-04,6.0,0.0,No
Istanbul,2025-03-05,7.0,0.0,No
Istanbul,2025-03-06,8.4,0.0,No
Istanbul,2025-03-07,9.4,0.0,No
Istanbul,2025-03-08,9.0,0.0,No
Istanbul,2025-03-09,8.9,0.0,No
Istanbul,2025-03-10,10.3,0.0,No
Istanbul,2025-03-11,11.9,0.0,No
Istanbul,2025-03-12,13.9,0.9,Yes
Istanbul,2025-03-13,14.6,0.0,No
Istanbul,2025-03-14,14.9,0.0,No
Istanbul,2025-03-15,14.7,0.0,No
Istanbul,2025-03-16,15.9,0.0,No
Istanbul,2025-03-17,13.2,3.5,Yes
Istanbul,2025-03-18,6.8,14.6,Yes
Istanbul,2025-03-19,5.8,1.1,Yes
Istanbul,2025-03-20,6.7,2.3,Yes
Istanbul,2025-03-21,7.3,0.0,No
Istanbul,2025-03-22,8.2,0.0,No
Istanbul,2025-03-23,10.9,1.0,Yes
Istanbul,2025-03-24,13.0,0.0,No
Istanbul,2025-03-25,13.8,0.0,No
Istanbul,2025-03-26,13.5,0.0,No
Istanbul,2025-03-27,15.1,0.0,No
Istanbul,2025-03-28,12.8,2.91,Yes
Istanbul,2025-03-29,12.3,0.4,Yes
Istanbul,2025-03-30,13.7,0.28,Yes
Istanbul,2025-03-31,13.4,0.76,Yes
Istanbul,2025-04-01,12.6,7.3,Yes
Istanbul,2025-04-02,10.1,0.3,Yes
Istanbul,2025-04-03,11.4,3.8,Yes
Istanbul,2025-04-04,11.2,0.0,No
Beirut,2025-04-04,16.2,0.2,Yes
Beirut,2025-04-05,16.5,1.8,Yes
Beirut,2025-04-06,18.9,0.3,Yes
Beirut,2025-04-07,18.7,0.0,No
Beirut,2025-04-08,21.3,0.0,No
Beirut,2025-04-09,19.5,0.0,No
Beirut,2025-04-10,14.7,7.21,Yes
Beirut,2025-04-11,14.3,8.58,Yes
Beirut,2025-04-12,14.9,7.6,Yes
Paris,2025-04-04,15.6,0.2,Yes
Paris,2025-04-05,16.1,0.0,No
Paris,2025-04-06,12.6,0.0,No
Paris,2025-04-07,10.1,0.0,No
Paris,2025-04-08,11.6,0.0,No
Paris,2025-04-09,12.4,0.0,No
Paris,2025-04-10,12.0,0.0,No
Paris,2025-04-11,13.8,0.0,No
Paris,2025-04-12,13.2,6.3,Yes
Riyadh,2025-04-04,31.4,0.0,No
Riyadh,2025-04-05,31.6,0.0,No
Riyadh,2025-04-06,29.9,0.0,No
Riyadh,2025-04-07,28.3,0.0,No
Riyadh,2025-04-08,29.3,0.0,No
Riyadh,2025-04-09,31.2,0.0,No
Riyadh,2025-04-10,33.3,0.0,No
Riyadh,2025-04-11,31.9,0.16,Yes
Riyadh,2025-04-12,29.8,0.0,No
Cairo,2025-04-04,19.9,0.0,No
Cairo,2025-04-05,22.0,0.0,No
Cairo,2025-04-06,24.5,0.0,No
Cairo,2025-04-07,22.7,0.0,No
Cairo,2025-04-08,27.8,0.0,No
Cairo,2025-04-09,21.0,0.0,No
Cairo,2025-04-10,17.8,0.0,No
Cairo,2025-04-11,16.5,0.0,No
Cairo,2025-04-12,17.5,0.0,No
LA,2025-04-04,14.6,0.0,No
LA,2025-04-05,17.2,0.0,No
LA,2025-04-06,18.4,0.0,No
LA,2025-04-07,16.5,0.0,No
LA,2025-04-08,16.4,0.0,No
LA,2025-04-09,17.7,0.0,No
LA,2025-04-10,18.0,0.0,No
LA,2025-04-11,19.1,0.0,No
LA,2025-04-12,16.8,0.0,No
Istanbul,2025-04-04,11.2,0.0,No
Istanbul,2025-04-05,11.1,0.0,No
Istanbul,2025-04-06,11.0,7.1,Yes
Istanbul,2025-04-07,6.2,6.5,Yes
Istanbul,2025-04-08,6.9,0.0,No
Istanbul,2025-04-09,7.3,0.0,No
Istanbul,2025-04-10,9.2,1.54,Yes
Istanbul,2025-04-11,6.0,2.84,Yes
Istanbul,2025-04-12,7.1,5.57,Yes
